url,title,themes,label
https://www.thestar.com.my/lifestyle/health/2026/10/05/cardiac-rehab-cuts-hospital-admissions-and-heart-attack-risk,Cardiac rehab cuts hospital admissions and heart attack risk,TAX_DISEASE_HEART_ATTACK;EDUCATION;GENERAL_HEALTH,0
https://www.thestar.com.my/business/business-news/2026/10/05/citaglobal-unit-bags-rm29mil-thailand-waste-to-energy-project-contract,Citaglobal unit bags RM29mil Thailand waste-to-energy project contract,UNGP_FORESTS_RIVERS_OCEANS;WB_566_ENVIRONMENT_AND_NATURAL_RESOURCES;WB_1797_SOLID_WASTE;WB_601_POLLUTION_MANAGEMENT,1
https://www.thenorthernecho.co.uk/news/26608108.hmrc-making-tax-digital-warning-people-earning-30-000,"HMRC Making Tax Digital warning for people earning &#xA3;30,000",TAX_FNCACT_DIRECTOR;TAX_FNCACT_TRADERS;ECON_TAXATION;USPEC_POLICY1;EPU_POLICY_TAX;EPU_CATS_TAXES;AFFECT;TAX_FNCACT_LANDLORDS,1
https://www.nwemail.co.uk/news/national/26607544.swinney-nothing-explain-accusations-misleading-holyrood,Swinney has 'nothing to explain' over accusations of misleading Holyrood,TAX_ETHNICITY_SCOTTISH;TAX_FNCACT_KING;ECON_INFLATION;WB_1104_MACROECONOMIC_VULNERABILITY_AND_DEBT;WB_442_INFLATION;TAX_FNCACT_LEADER;EPU_POLICY_REFORM;TRIAL;TAX_POLITICAL_PARTY_LABOUR_PARTY;TAX_FNCACT_ADVISERS;RETIREMENT;TAX_ECON_PRICE;TAX_POLITICAL_PARTY_CONSERVATIVE_PARTY;GENERAL_GOVERNMENT;EPU_POLICY_GOVERNMENT;ECON_COST_OF_LIVING;WB_2024_ANTI_CORRUPTION_AUTHORITIES;WB_840_JUSTICE;WB_2025_INVESTIGATION;WB_831_GOVERNANCE;WB_832_ANTI_CORRUPTION;WB_1014_CRIMINAL_JUSTICE;USPEC_POLICY1;EPU_POLICY_SPENDING;EPU_POLICY_BUDGET;TAX_WORLDLANGUAGES_SCOTS;TAX_FNCACT_POLITICIANS;TAX_FNCACT_MINISTER;TAX_WORLDLANGUAGES_MARRA;EPU_CATS_MIGRATION_FEAR_FEAR;USPEC_POLITICS_GENERAL1;UNGP_FORESTS_RIVERS_OCEANS;LEADER;TAX_FNCACT_PRIME_MINISTER;WB_696_PUBLIC_SECTOR_MANAGEMENT;WB_713_PUBLIC_FINANCE;WB_1045_TREASURY,0
https://www.leaderlive.co.uk/news/national/26607544.swinney-nothing-explain-accusations-misleading-holyrood,Swinney has 'nothing to explain' over accusations of misleading Holyrood,TAX_ECON_PRICE;TAX_POLITICAL_PARTY_CONSERVATIVE_PARTY;GENERAL_GOVERNMENT;EPU_POLICY_GOVERNMENT;ECON_COST_OF_LIVING;WB_2024_ANTI_CORRUPTION_AUTHORITIES;WB_840_JUSTICE;WB_2025_INVESTIGATION;WB_831_GOVERNANCE;WB_832_ANTI_CORRUPTION;WB_1014_CRIMINAL_JUSTICE;TAX_ETHNICITY_SCOTTISH;ECON_INFLATION;WB_1104_MACROECONOMIC_VULNERABILITY_AND_DEBT;WB_442_INFLATION;TAX_FNCACT_KING;TAX_FNCACT_LEADER;EPU_POLICY_REFORM;TRIAL;TAX_POLITICAL_PARTY_LABOUR_PARTY;TAX_FNCACT_ADVISERS;RETIREMENT;TAX_FNCACT_POLITICIANS;TAX_WORLDLANGUAGES_SCOTS;TAX_FNCACT_MINISTER;TAX_WORLDLANGUAGES_MARRA;EPU_CATS_MIGRATION_FEAR_FEAR;UNGP_FORESTS_RIVERS_OCEANS;USPEC_POLITICS_GENERAL1;LEADER;TAX_FNCACT_PRIME_MINISTER;WB_696_PUBLIC_SECTOR_MANAGEMENT;WB_713_PUBLIC_FINANCE;WB_1045_TREASURY;USPEC_POLICY1;EPU_POLICY_SPENDING;EPU_POLICY_BUDGET,0
https://www.eastlothiancourier.com/news/national/26607544.swinney-nothing-explain-accusations-misleading-holyrood,Swinney has 'nothing to explain' over accusations of misleading Holyrood,WB_2024_ANTI_CORRUPTION_AUTHORITIES;WB_840_JUSTICE;WB_2025_INVESTIGATION;WB_831_GOVERNANCE;WB_832_ANTI_CORRUPTION;WB_1014_CRIMINAL_JUSTICE;GENERAL_GOVERNMENT;EPU_POLICY_GOVERNMENT;ECON_COST_OF_LIVING;TAX_POLITICAL_PARTY_CONSERVATIVE_PARTY;TAX_ECON_PRICE;RETIREMENT;TAX_FNCACT_ADVISERS;EPU_POLICY_REFORM;TRIAL;TAX_POLITICAL_PARTY_LABOUR_PARTY;TAX_FNCACT_LEADER;ECON_INFLATION;WB_1104_MACROECONOMIC_VULNERABILITY_AND_DEBT;WB_442_INFLATION;TAX_FNCACT_KING;TAX_ETHNICITY_SCOTTISH;UNGP_FORESTS_RIVERS_OCEANS;LEADER;TAX_FNCACT_PRIME_MINISTER;USPEC_POLITICS_GENERAL1;WB_696_PUBLIC_SECTOR_MANAGEMENT;WB_713_PUBLIC_FINANCE;WB_1045_TREASURY;EPU_CATS_MIGRATION_FEAR_FEAR;TAX_FNCACT_MINISTER;TAX_WORLDLANGUAGES_MARRA;TAX_FNCACT_POLITICIANS;TAX_WORLDLANGUAGES_SCOTS;EPU_POLICY_BUDGET;USPEC_POLICY1;EPU_POLICY_SPENDING,0
https://www.wiltsglosstandard.co.uk/news/national/26607544.swinney-nothing-explain-accusations-misleading-holyrood,Swinney has 'nothing to explain' over accusations of misleading Holyrood | Wilts and Gloucestershire Standard,EPU_POLICY_BUDGET;USPEC_POLICY1;EPU_POLICY_SPENDING;WB_696_PUBLIC_SECTOR_MANAGEMENT;WB_713_PUBLIC_FINANCE;WB_1045_TREASURY;USPEC_POLITICS_GENERAL1;UNGP_FORESTS_RIVERS_OCEANS;LEADER;TAX_FNCACT_PRIME_MINISTER;EPU_CATS_MIGRATION_FEAR_FEAR;TAX_FNCACT_MINISTER;TAX_WORLDLANGUAGES_MARRA;TAX_FNCACT_POLITICIANS;TAX_WORLDLANGUAGES_SCOTS;RETIREMENT;TAX_FNCACT_ADVISERS;TRIAL;TAX_POLITICAL_PARTY_LABOUR_PARTY;EPU_POLICY_REFORM;TAX_FNCACT_LEADER;TAX_FNCACT_KING;ECON_INFLATION;WB_1104_MACROECONOMIC_VULNERABILITY_AND_DEBT;WB_442_INFLATION;TAX_ETHNICITY_SCOTTISH;WB_2024_ANTI_CORRUPTION_AUTHORITIES;WB_840_JUSTICE;WB_2025_INVESTIGATION;WB_831_GOVERNANCE;WB_832_ANTI_CORRUPTION;WB_1014_CRIMINAL_JUSTICE;ECON_COST_OF_LIVING;GENERAL_GOVERNMENT;EPU_POLICY_GOVERNMENT;TAX_POLITICAL_PARTY_CONSERVATIVE_PARTY;TAX_ECON_PRICE,0
https://www.southwalesguardian.co.uk/news/national/26607544.swinney-nothing-explain-accusations-misleading-holyrood,Swinney has 'nothing to explain' over accusations of misleading Holyrood,RETIREMENT;TAX_FNCACT_ADVISERS;TAX_FNCACT_LEADER;TAX_POLITICAL_PARTY_LABOUR_PARTY;TRIAL;EPU_POLICY_REFORM;TAX_ETHNICITY_SCOTTISH;ECON_INFLATION;WB_1104_MACROECONOMIC_VULNERABILITY_AND_DEBT;WB_442_INFLATION;TAX_FNCACT_KING;ECON_COST_OF_LIVING;GENERAL_GOVERNMENT;EPU_POLICY_GOVERNMENT;WB_2024_ANTI_CORRUPTION_AUTHORITIES;WB_840_JUSTICE;WB_2025_INVESTIGATION;WB_831_GOVERNANCE;WB_832_ANTI_CORRUPTION;WB_1014_CRIMINAL_JUSTICE;TAX_ECON_PRICE;TAX_POLITICAL_PARTY_CONSERVATIVE_PARTY;EPU_POLICY_BUDGET;USPEC_POLICY1;EPU_POLICY_SPENDING;WB_696_PUBLIC_SECTOR_MANAGEMENT;WB_713_PUBLIC_FINANCE;WB_1045_TREASURY;USPEC_POLITICS_GENERAL1;UNGP_FORESTS_RIVERS_OCEANS;LEADER;TAX_FNCACT_PRIME_MINISTER;EPU_CATS_MIGRATION_FEAR_FEAR;TAX_FNCACT_MINISTER;TAX_WORLDLANGUAGES_MARRA;TAX_WORLDLANGUAGES_SCOTS;TAX_FNCACT_POLITICIANS,0
https://www.gazetteseries.co.uk/news/national/26607544.swinney-nothing-explain-accusations-misleading-holyrood,Swinney has 'nothing to explain' over accusations of misleading Holyrood,TAX_POLITICAL_PARTY_CONSERVATIVE_PARTY;TAX_ECON_PRICE;WB_2024_ANTI_CORRUPTION_AUTHORITIES;WB_840_JUSTICE;WB_2025_INVESTIGATION;WB_831_GOVERNANCE;WB_832_ANTI_CORRUPTION;WB_1014_CRIMINAL_JUSTICE;GENERAL_GOVERNMENT;EPU_POLICY_GOVERNMENT;ECON_COST_OF_LIVING;EPU_POLICY_REFORM;TRIAL;TAX_POLITICAL_PARTY_LABOUR_PARTY;TAX_FNCACT_LEADER;TAX_FNCACT_KING;ECON_INFLATION;WB_1104_MACROECONOMIC_VULNERABILITY_AND_DEBT;WB_442_INFLATION;TAX_ETHNICITY_SCOTTISH;RETIREMENT;TAX_FNCACT_ADVISERS;TAX_WORLDLANGUAGES_MARRA;TAX_FNCACT_MINISTER;TAX_FNCACT_POLITICIANS;TAX_WORLDLANGUAGES_SCOTS;UNGP_FORESTS_RIVERS_OCEANS;USPEC_POLITICS_GENERAL1;LEADER;TAX_FNCACT_PRIME_MINISTER;WB_696_PUBLIC_SECTOR_MANAGEMENT;WB_713_PUBLIC_FINANCE;WB_1045_TREASURY;EPU_CATS_MIGRATION_FEAR_FEAR;EPU_POLICY_BUDGET;USPEC_POLICY1;EPU_POLICY_SPENDING,0
https://www.lancashiretelegraph.co.uk/news/national/26607544.swinney-nothing-explain-accusations-misleading-holyrood,Swinney has 'nothing to explain' over accusations of misleading Holyrood,EPU_POLICY_BUDGET;USPEC_POLICY1;EPU_POLICY_SPENDING;TAX_WORLDLANGUAGES_MARRA;TAX_FNCACT_MINISTER;TAX_FNCACT_POLITICIANS;TAX_WORLDLANGUAGES_SCOTS;WB_696_PUBLIC_SECTOR_MANAGEMENT;WB_713_PUBLIC_FINANCE;WB_1045_TREASURY;LEADER;TAX_FNCACT_PRIME_MINISTER;UNGP_FORESTS_RIVERS_OCEANS;USPEC_POLITICS_GENERAL1;EPU_CATS_MIGRATION_FEAR_FEAR;TRIAL;TAX_POLITICAL_PARTY_LABOUR_PARTY;EPU_POLICY_REFORM;TAX_FNCACT_LEADER;ECON_INFLATION;WB_1104_MACROECONOMIC_VULNERABILITY_AND_DEBT;WB_442_INFLATION;TAX_FNCACT_KING;TAX_ETHNICITY_SCOTTISH;RETIREMENT;TAX_FNCACT_ADVISERS;TAX_POLITICAL_PARTY_CONSERVATIVE_PARTY;TAX_ECON_PRICE;WB_2024_ANTI_CORRUPTION_AUTHORITIES;WB_840_JUSTICE;WB_2025_INVESTIGATION;WB_831_GOVERNANCE;WB_832_ANTI_CORRUPTION;WB_1014_CRIMINAL_JUSTICE;ECON_COST_OF_LIVING;GENERAL_GOVERNMENT;EPU_POLICY_GOVERNMENT,0
https://www.southwalesguardian.co.uk/news/national/26607908.britains-energy-watchdog-ofgem-appoints-tim-jarvis-permanent-boss,Britain's energy watchdog Ofgem appoints Tim Jarvis as permanent boss,TAX_ECON_PRICE;RECRUITMENT;EPU_ECONOMY_HISTORIC;APPOINTMENT;GENERAL_HEALTH;HEALTH_PANDEMIC;WB_635_PUBLIC_HEALTH;WB_2165_HEALTH_EMERGENCIES;WB_2166_HEALTH_EMERGENCY_PREPAREDNESS_AND_DISASTER_RESPONSE;WB_621_HEALTH_NUTRITION_AND_POPULATION;WB_2167_PANDEMICS;UNGP_HEALTHCARE;TAX_FNCACT_CHAIRMAN;WB_696_PUBLIC_SECTOR_MANAGEMENT;WB_713_PUBLIC_FINANCE;WB_1045_TREASURY;TAX_FNCACT_CHIEF;TAX_FNCACT_EXECUTIVE;ARMEDCONFLICT;EPU_CATS_NATIONAL_SECURITY;WB_2433_CONFLICT_AND_VIOLENCE;WB_2432_FRAGILITY_CONFLICT_AND_VIOLENCE;TAX_FNCACT_CHIEF_EXECUTIVE;TAX_DISEASE_COVID_19;ENV_OIL;UNGP_FORESTS_RIVERS_OCEANS;TAX_FNCACT_BOSS;FUELPRICES;TAX_WORLDLANGUAGES_RUSSIA;TAX_FNCACT_DIRECTOR;TAX_FNCACT_SECRETARY;CRISISLEX_CRISISLEXREC;GENERAL_GOVERNMENT;EPU_POLICY_GOVERNMENT;TAX_FNCACT_REGULATOR,1
https://www.brentwoodlive.co.uk/news/national/26607908.britains-energy-watchdog-ofgem-appoints-tim-jarvis-permanent-boss,Britain's energy watchdog Ofgem appoints Tim Jarvis as permanent boss,TAX_FNCACT_EXECUTIVE;TAX_FNCACT_CHIEF;ARMEDCONFLICT;EPU_CATS_NATIONAL_SECURITY;WB_2433_CONFLICT_AND_VIOLENCE;WB_2432_FRAGILITY_CONFLICT_AND_VIOLENCE;TAX_DISEASE_COVID_19;TAX_FNCACT_CHIEF_EXECUTIVE;GENERAL_HEALTH;HEALTH_PANDEMIC;WB_635_PUBLIC_HEALTH;WB_2165_HEALTH_EMERGENCIES;WB_2166_HEALTH_EMERGENCY_PREPAREDNESS_AND_DISASTER_RESPONSE;WB_621_HEALTH_NUTRITION_AND_POPULATION;WB_2167_PANDEMICS;UNGP_HEALTHCARE;TAX_FNCACT_CHAIRMAN;WB_696_PUBLIC_SECTOR_MANAGEMENT;WB_713_PUBLIC_FINANCE;WB_1045_TREASURY;APPOINTMENT;TAX_ECON_PRICE;RECRUITMENT;EPU_ECONOMY_HISTORIC;TAX_FNCACT_REGULATOR;TAX_FNCACT_SECRETARY;CRISISLEX_CRISISLEXREC;GENERAL_GOVERNMENT;EPU_POLICY_GOVERNMENT;TAX_WORLDLANGUAGES_RUSSIA;TAX_FNCACT_DIRECTOR;ENV_OIL;UNGP_FORESTS_RIVERS_OCEANS;TAX_FNCACT_BOSS;FUELPRICES,1
https://www.eastlothiancourier.com/news/national/26607908.britains-energy-watchdog-ofgem-appoints-tim-jarvis-permanent-boss,Britain's energy watchdog Ofgem appoints Tim Jarvis as permanent boss,TAX_FNCACT_CHIEF_EXECUTIVE;TAX_DISEASE_COVID_19;WB_2433_CONFLICT_AND_VIOLENCE;WB_2432_FRAGILITY_CONFLICT_AND_VIOLENCE;ARMEDCONFLICT;EPU_CATS_NATIONAL_SECURITY;TAX_FNCACT_EXECUTIVE;TAX_FNCACT_CHIEF;WB_696_PUBLIC_SECTOR_MANAGEMENT;WB_713_PUBLIC_FINANCE;WB_1045_TREASURY;TAX_FNCACT_CHAIRMAN;GENERAL_HEALTH;HEALTH_PANDEMIC;WB_635_PUBLIC_HEALTH;WB_2165_HEALTH_EMERGENCIES;WB_2166_HEALTH_EMERGENCY_PREPAREDNESS_AND_DISASTER_RESPONSE;WB_621_HEALTH_NUTRITION_AND_POPULATION;WB_2167_PANDEMICS;UNGP_HEALTHCARE;APPOINTMENT;EPU_ECONOMY_HISTORIC;RECRUITMENT;TAX_ECON_PRICE;TAX_FNCACT_REGULATOR;GENERAL_GOVERNMENT;EPU_POLICY_GOVERNMENT;CRISISLEX_CRISISLEXREC;TAX_FNCACT_SECRETARY;TAX_FNCACT_DIRECTOR;TAX_WORLDLANGUAGES_RUSSIA;FUELPRICES;TAX_FNCACT_BOSS;UNGP_FORESTS_RIVERS_OCEANS;ENV_OIL,1
https://www.lancashiretelegraph.co.uk/news/national/26607908.britains-energy-watchdog-ofgem-appoints-tim-jarvis-permanent-boss,Britain's energy watchdog Ofgem appoints Tim Jarvis as permanent boss,TAX_FNCACT_REGULATOR;CRISISLEX_CRISISLEXREC;GENERAL_GOVERNMENT;EPU_POLICY_GOVERNMENT;TAX_FNCACT_SECRETARY;TAX_WORLDLANGUAGES_RUSSIA;TAX_FNCACT_DIRECTOR;ENV_OIL;UNGP_FORESTS_RIVERS_OCEANS;FUELPRICES;TAX_FNCACT_BOSS;TAX_FNCACT_CHIEF;TAX_FNCACT_EXECUTIVE;ARMEDCONFLICT;EPU_CATS_NATIONAL_SECURITY;WB_2433_CONFLICT_AND_VIOLENCE;WB_2432_FRAGILITY_CONFLICT_AND_VIOLENCE;TAX_FNCACT_CHIEF_EXECUTIVE;TAX_DISEASE_COVID_19;GENERAL_HEALTH;HEALTH_PANDEMIC;WB_635_PUBLIC_HEALTH;WB_2165_HEALTH_EMERGENCIES;WB_2166_HEALTH_EMERGENCY_PREPAREDNESS_AND_DISASTER_RESPONSE;WB_621_HEALTH_NUTRITION_AND_POPULATION;WB_2167_PANDEMICS;UNGP_HEALTHCARE;TAX_FNCACT_CHAIRMAN;WB_696_PUBLIC_SECTOR_MANAGEMENT;WB_713_PUBLIC_FINANCE;WB_1045_TREASURY;APPOINTMENT;RECRUITMENT;TAX_ECON_PRICE;EPU_ECONOMY_HISTORIC,1
https://www.gazetteseries.co.uk/news/national/26607908.britains-energy-watchdog-ofgem-appoints-tim-jarvis-permanent-boss,Britain's energy watchdog Ofgem appoints Tim Jarvis as permanent boss,ARMEDCONFLICT;EPU_CATS_NATIONAL_SECURITY;TAX_FNCACT_EXECUTIVE;TAX_FNCACT_CHIEF;TAX_DISEASE_COVID_19;TAX_FNCACT_CHIEF_EXECUTIVE;WB_2433_CONFLICT_AND_VIOLENCE;WB_2432_FRAGILITY_CONFLICT_AND_VIOLENCE;TAX_FNCACT_CHAIRMAN;GENERAL_HEALTH;HEALTH_PANDEMIC;WB_635_PUBLIC_HEALTH;WB_2165_HEALTH_EMERGENCIES;WB_2166_HEALTH_EMERGENCY_PREPAREDNESS_AND_DISASTER_RESPONSE;WB_621_HEALTH_NUTRITION_AND_POPULATION;WB_2167_PANDEMICS;UNGP_HEALTHCARE;WB_696_PUBLIC_SECTOR_MANAGEMENT;WB_713_PUBLIC_FINANCE;WB_1045_TREASURY;APPOINTMENT;TAX_ECON_PRICE;RECRUITMENT;EPU_ECONOMY_HISTORIC;TAX_FNCACT_REGULATOR;TAX_FNCACT_SECRETARY;CRISISLEX_CRISISLEXREC;GENERAL_GOVERNMENT;EPU_POLICY_GOVERNMENT;TAX_WORLDLANGUAGES_RUSSIA;TAX_FNCACT_DIRECTOR;UNGP_FORESTS_RIVERS_OCEANS;ENV_OIL;TAX_FNCACT_BOSS;FUELPRICES,1
https://www.wiltsglosstandard.co.uk/news/national/26607908.britains-energy-watchdog-ofgem-appoints-tim-jarvis-permanent-boss,Britain's energy watchdog Ofgem appoints Tim Jarvis as permanent boss | Wilts and Gloucestershire Standard,TAX_FNCACT_REGULATOR;GENERAL_GOVERNMENT;EPU_POLICY_GOVERNMENT;CRISISLEX_CRISISLEXREC;TAX_FNCACT_SECRETARY;TAX_WORLDLANGUAGES_RUSSIA;TAX_FNCACT_DIRECTOR;ENV_OIL;UNGP_FORESTS_RIVERS_OCEANS;FUELPRICES;TAX_FNCACT_BOSS;TAX_FNCACT_EXECUTIVE;TAX_FNCACT_CHIEF;ARMEDCONFLICT;EPU_CATS_NATIONAL_SECURITY;WB_2433_CONFLICT_AND_VIOLENCE;WB_2432_FRAGILITY_CONFLICT_AND_VIOLENCE;TAX_DISEASE_COVID_19;TAX_FNCACT_CHIEF_EXECUTIVE;GENERAL_HEALTH;HEALTH_PANDEMIC;WB_635_PUBLIC_HEALTH;WB_2165_HEALTH_EMERGENCIES;WB_2166_HEALTH_EMERGENCY_PREPAREDNESS_AND_DISASTER_RESPONSE;WB_621_HEALTH_NUTRITION_AND_POPULATION;WB_2167_PANDEMICS;UNGP_HEALTHCARE;TAX_FNCACT_CHAIRMAN;WB_696_PUBLIC_SECTOR_MANAGEMENT;WB_713_PUBLIC_FINANCE;WB_1045_TREASURY;APPOINTMENT;RECRUITMENT;TAX_ECON_PRICE;EPU_ECONOMY_HISTORIC,1
https://www.leaderlive.co.uk/news/national/26607908.britains-energy-watchdog-ofgem-appoints-tim-jarvis-permanent-boss,Britain's energy watchdog Ofgem appoints Tim Jarvis as permanent boss,GENERAL_HEALTH;HEALTH_PANDEMIC;WB_635_PUBLIC_HEALTH;WB_2165_HEALTH_EMERGENCIES;WB_2166_HEALTH_EMERGENCY_PREPAREDNESS_AND_DISASTER_RESPONSE;WB_621_HEALTH_NUTRITION_AND_POPULATION;WB_2167_PANDEMICS;UNGP_HEALTHCARE;TAX_FNCACT_CHAIRMAN;WB_696_PUBLIC_SECTOR_MANAGEMENT;WB_713_PUBLIC_FINANCE;WB_1045_TREASURY;TAX_FNCACT_CHIEF;TAX_FNCACT_EXECUTIVE;ARMEDCONFLICT;EPU_CATS_NATIONAL_SECURITY;WB_2433_CONFLICT_AND_VIOLENCE;WB_2432_FRAGILITY_CONFLICT_AND_VIOLENCE;TAX_FNCACT_CHIEF_EXECUTIVE;TAX_DISEASE_COVID_19;RECRUITMENT;TAX_ECON_PRICE;EPU_ECONOMY_HISTORIC;APPOINTMENT;GENERAL_GOVERNMENT;EPU_POLICY_GOVERNMENT;CRISISLEX_CRISISLEXREC;TAX_FNCACT_SECRETARY;TAX_FNCACT_REGULATOR;ENV_OIL;UNGP_FORESTS_RIVERS_OCEANS;FUELPRICES;TAX_FNCACT_BOSS;TAX_WORLDLANGUAGES_RUSSIA;TAX_FNCACT_DIRECTOR,1
https://www.nwemail.co.uk/news/national/26607908.britains-energy-watchdog-ofgem-appoints-tim-jarvis-permanent-boss,Britain's energy watchdog Ofgem appoints Tim Jarvis as permanent boss,CRISISLEX_CRISISLEXREC;GENERAL_GOVERNMENT;EPU_POLICY_GOVERNMENT;TAX_FNCACT_SECRETARY;TAX_FNCACT_REGULATOR;FUELPRICES;TAX_FNCACT_BOSS;UNGP_FORESTS_RIVERS_OCEANS;ENV_OIL;TAX_FNCACT_DIRECTOR;TAX_WORLDLANGUAGES_RUSSIA;WB_696_PUBLIC_SECTOR_MANAGEMENT;WB_713_PUBLIC_FINANCE;WB_1045_TREASURY;TAX_FNCACT_CHAIRMAN;GENERAL_HEALTH;HEALTH_PANDEMIC;WB_635_PUBLIC_HEALTH;WB_2165_HEALTH_EMERGENCIES;WB_2166_HEALTH_EMERGENCY_PREPAREDNESS_AND_DISASTER_RESPONSE;WB_621_HEALTH_NUTRITION_AND_POPULATION;WB_2167_PANDEMICS;UNGP_HEALTHCARE;TAX_DISEASE_COVID_19;TAX_FNCACT_CHIEF_EXECUTIVE;WB_2433_CONFLICT_AND_VIOLENCE;WB_2432_FRAGILITY_CONFLICT_AND_VIOLENCE;ARMEDCONFLICT;EPU_CATS_NATIONAL_SECURITY;TAX_FNCACT_CHIEF;TAX_FNCACT_EXECUTIVE;EPU_ECONOMY_HISTORIC;RECRUITMENT;TAX_ECON_PRICE;APPOINTMENT,1
https://www.asianimage.co.uk/news/national/26607908.britains-energy-watchdog-ofgem-appoints-tim-jarvis-permanent-boss,Britain's energy watchdog Ofgem appoints Tim Jarvis as permanent boss,GENERAL_GOVERNMENT;EPU_POLICY_GOVERNMENT;CRISISLEX_CRISISLEXREC;TAX_FNCACT_SECRETARY;TAX_FNCACT_REGULATOR;ENV_OIL;UNGP_FORESTS_RIVERS_OCEANS;FUELPRICES;TAX_FNCACT_BOSS;TAX_WORLDLANGUAGES_RUSSIA;TAX_FNCACT_DIRECTOR;GENERAL_HEALTH;HEALTH_PANDEMIC;WB_635_PUBLIC_HEALTH;WB_2165_HEALTH_EMERGENCIES;WB_2166_HEALTH_EMERGENCY_PREPAREDNESS_AND_DISASTER_RESPONSE;WB_621_HEALTH_NUTRITION_AND_POPULATION;WB_2167_PANDEMICS;UNGP_HEALTHCARE;TAX_FNCACT_CHAIRMAN;WB_696_PUBLIC_SECTOR_MANAGEMENT;WB_713_PUBLIC_FINANCE;WB_1045_TREASURY;TAX_FNCACT_EXECUTIVE;TAX_FNCACT_CHIEF;ARMEDCONFLICT;EPU_CATS_NATIONAL_SECURITY;WB_2433_CONFLICT_AND_VIOLENCE;WB_2432_FRAGILITY_CONFLICT_AND_VIOLENCE;TAX_DISEASE_COVID_19;TAX_FNCACT_CHIEF_EXECUTIVE;RECRUITMENT;TAX_ECON_PRICE;EPU_ECONOMY_HISTORIC;APPOINTMENT,1
https://www.brentwoodlive.co.uk/news/26608001.police-appeal-dashcam-footage-colchester-crash,Police appeal for dashcam footage after Colchester crash,TAX_FNCACT_MAN;WB_1428_INJURY;WB_1406_DISEASES;WB_621_HEALTH_NUTRITION_AND_POPULATION;WB_1427_NON_COMMUNICABLE_DISEASE_AND_INJURY;CRISISLEX_CRISISLEXREC;CRISISLEX_T02_INJURED;TAX_ETHNICITY_BLACK;GENERAL_HEALTH;MEDICAL;SOC_POINTSOFINTEREST_HOSPITAL;CRISISLEX_C03_WELLBEING_HEALTH;TAX_FNCACT_SPOKESPERSON;MANMADE_DISASTER_IMPLIED;ARREST;WB_2024_ANTI_CORRUPTION_AUTHORITIES;WB_696_PUBLIC_SECTOR_MANAGEMENT;WB_840_JUSTICE;WB_2025_INVESTIGATION;WB_831_GOVERNANCE;WB_832_ANTI_CORRUPTION;WB_1014_CRIMINAL_JUSTICE;SECURITY_SERVICES;TAX_FNCACT_POLICE;CRISISLEX_C07_SAFETY,0
https://www.nwemail.co.uk/news/national/26607960.dup-will-not-abdicate-responsibilities-amid-drumcree-dispute,DUP 'will not abdicate responsibilities' amid Drumcree dispute,SECURITY_SERVICES;TAX_FNCACT_POLICE;CRISISLEX_C07_SAFETY;TAX_FNCACT_EXECUTIVE;TAX_FNCACT_MINISTER;GOV_LOCALGOV;WB_2142_LOCAL_GOVERNMENT;WB_1502_EDUCATIONAL_DECENTRALIZATION;WB_470_EDUCATION;WB_1497_EDUCATION_MANAGEMENT_AND_ADMINISTRATION;TAX_ETHNICITY_BLACK;TAX_FNCACT_REPRESENTATIVES;IDEOLOGY;LEADER;TAX_FNCACT_PRESIDENT;USPEC_POLITICS_GENERAL1;EPU_ECONOMY_HISTORIC;USPEC_POLICY1;EPU_POLICY_BUDGET;TAX_POLITICAL_PARTY_REPUBLICANS;TAX_FNCACT_CRIMINAL;EPU_POLICY_GOVERNMENT;TAX_FNCACT_DEPUTY;MANMADE_DISASTER_IMPLIED;TAX_FNCACT_MINISTERS;LEGISLATION;EPU_POLICY_LAW;TAX_FNCACT_COMMISSIONERS;TAX_WORLDMAMMALS_BEAR;SLFID_RULE_OF_LAW;PROTEST;RESIGNATION;EPU_POLICY_POLITICAL;TAX_FNCACT_UNIONISTS;GENERAL_GOVERNMENT;SANCTIONS;TAX_FNCACT_LEADER,0
https://www.brentwoodlive.co.uk/news/national/26607960.dup-will-not-abdicate-responsibilities-amid-drumcree-dispute,DUP 'will not abdicate responsibilities' amid Drumcree dispute,EPU_ECONOMY_HISTORIC;USPEC_POLICY1;EPU_POLICY_BUDGET;IDEOLOGY;LEADER;TAX_FNCACT_PRESIDENT;USPEC_POLITICS_GENERAL1;TAX_FNCACT_REPRESENTATIVES;TAX_POLITICAL_PARTY_REPUBLICANS;SECURITY_SERVICES;TAX_FNCACT_POLICE;CRISISLEX_C07_SAFETY;GOV_LOCALGOV;WB_2142_LOCAL_GOVERNMENT;WB_1502_EDUCATIONAL_DECENTRALIZATION;WB_470_EDUCATION;WB_1497_EDUCATION_MANAGEMENT_AND_ADMINISTRATION;TAX_FNCACT_MINISTER;TAX_ETHNICITY_BLACK;TAX_FNCACT_EXECUTIVE;GENERAL_GOVERNMENT;TAX_FNCACT_UNIONISTS;TAX_FNCACT_LEADER;SANCTIONS;EPU_POLICY_GOVERNMENT;TAX_FNCACT_CRIMINAL;PROTEST;SLFID_RULE_OF_LAW;EPU_POLICY_POLITICAL;RESIGNATION;TAX_WORLDMAMMALS_BEAR;MANMADE_DISASTER_IMPLIED;TAX_FNCACT_DEPUTY;TAX_FNCACT_MINISTERS;LEGISLATION;EPU_POLICY_LAW;TAX_FNCACT_COMMISSIONERS,0
https://www.eastlothiancourier.com/news/national/26607960.dup-will-not-abdicate-responsibilities-amid-drumcree-dispute,DUP 'will not abdicate responsibilities' amid Drumcree dispute,SECURITY_SERVICES;TAX_FNCACT_POLICE;CRISISLEX_C07_SAFETY;TAX_FNCACT_EXECUTIVE;TAX_FNCACT_MINISTER;GOV_LOCALGOV;WB_2142_LOCAL_GOVERNMENT;WB_1502_EDUCATIONAL_DECENTRALIZATION;WB_470_EDUCATION;WB_1497_EDUCATION_MANAGEMENT_AND_ADMINISTRATION;TAX_ETHNICITY_BLACK;TAX_FNCACT_REPRESENTATIVES;IDEOLOGY;LEADER;TAX_FNCACT_PRESIDENT;USPEC_POLITICS_GENERAL1;EPU_ECONOMY_HISTORIC;USPEC_POLICY1;EPU_POLICY_BUDGET;TAX_POLITICAL_PARTY_REPUBLICANS;TAX_FNCACT_CRIMINAL;EPU_POLICY_GOVERNMENT;MANMADE_DISASTER_IMPLIED;TAX_FNCACT_MINISTERS;TAX_FNCACT_DEPUTY;LEGISLATION;EPU_POLICY_LAW;TAX_FNCACT_COMMISSIONERS;TAX_WORLDMAMMALS_BEAR;SLFID_RULE_OF_LAW;PROTEST;RESIGNATION;EPU_POLICY_POLITICAL;TAX_FNCACT_UNIONISTS;GENERAL_GOVERNMENT;SANCTIONS;TAX_FNCACT_LEADER,0
https://www.lancashiretelegraph.co.uk/news/national/26607960.dup-will-not-abdicate-responsibilities-amid-drumcree-dispute,DUP 'will not abdicate responsibilities' amid Drumcree dispute,EPU_POLICY_POLITICAL;RESIGNATION;SLFID_RULE_OF_LAW;PROTEST;TAX_FNCACT_MINISTERS;MANMADE_DISASTER_IMPLIED;TAX_FNCACT_DEPUTY;LEGISLATION;EPU_POLICY_LAW;TAX_FNCACT_COMMISSIONERS;TAX_WORLDMAMMALS_BEAR;TAX_FNCACT_CRIMINAL;EPU_POLICY_GOVERNMENT;TAX_FNCACT_LEADER;SANCTIONS;TAX_FNCACT_UNIONISTS;GENERAL_GOVERNMENT;TAX_ETHNICITY_BLACK;TAX_FNCACT_MINISTER;GOV_LOCALGOV;WB_2142_LOCAL_GOVERNMENT;WB_1502_EDUCATIONAL_DECENTRALIZATION;WB_470_EDUCATION;WB_1497_EDUCATION_MANAGEMENT_AND_ADMINISTRATION;TAX_FNCACT_EXECUTIVE;SECURITY_SERVICES;TAX_FNCACT_POLICE;CRISISLEX_C07_SAFETY;TAX_POLITICAL_PARTY_REPUBLICANS;USPEC_POLICY1;EPU_POLICY_BUDGET;EPU_ECONOMY_HISTORIC;TAX_FNCACT_REPRESENTATIVES;IDEOLOGY;LEADER;TAX_FNCACT_PRESIDENT;USPEC_POLITICS_GENERAL1,0
https://www.wiltsglosstandard.co.uk/news/national/26607960.dup-will-not-abdicate-responsibilities-amid-drumcree-dispute,DUP 'will not abdicate responsibilities' amid Drumcree dispute | Wilts and Gloucestershire Standard,EPU_ECONOMY_HISTORIC;USPEC_POLICY1;EPU_POLICY_BUDGET;IDEOLOGY;LEADER;TAX_FNCACT_PRESIDENT;USPEC_POLITICS_GENERAL1;TAX_FNCACT_REPRESENTATIVES;TAX_POLITICAL_PARTY_REPUBLICANS;SECURITY_SERVICES;TAX_FNCACT_POLICE;CRISISLEX_C07_SAFETY;GOV_LOCALGOV;WB_2142_LOCAL_GOVERNMENT;WB_1502_EDUCATIONAL_DECENTRALIZATION;WB_470_EDUCATION;WB_1497_EDUCATION_MANAGEMENT_AND_ADMINISTRATION;TAX_FNCACT_MINISTER;TAX_ETHNICITY_BLACK;TAX_FNCACT_EXECUTIVE;GENERAL_GOVERNMENT;TAX_FNCACT_UNIONISTS;TAX_FNCACT_LEADER;SANCTIONS;EPU_POLICY_GOVERNMENT;TAX_FNCACT_CRIMINAL;PROTEST;SLFID_RULE_OF_LAW;EPU_POLICY_POLITICAL;RESIGNATION;TAX_WORLDMAMMALS_BEAR;MANMADE_DISASTER_IMPLIED;LEGISLATION;EPU_POLICY_LAW;TAX_FNCACT_DEPUTY;TAX_FNCACT_MINISTERS;TAX_FNCACT_COMMISSIONERS,0
https://www.gazetteseries.co.uk/news/national/26607960.dup-will-not-abdicate-responsibilities-amid-drumcree-dispute,DUP 'will not abdicate responsibilities' amid Drumcree dispute,TAX_WORLDMAMMALS_BEAR;MANMADE_DISASTER_IMPLIED;TAX_FNCACT_DEPUTY;LEGISLATION;EPU_POLICY_LAW;TAX_FNCACT_MINISTERS;TAX_FNCACT_COMMISSIONERS;PROTEST;SLFID_RULE_OF_LAW;RESIGNATION;EPU_POLICY_POLITICAL;EPU_POLICY_GOVERNMENT;TAX_FNCACT_CRIMINAL;SANCTIONS;TAX_FNCACT_LEADER;GENERAL_GOVERNMENT;TAX_FNCACT_UNIONISTS;TAX_FNCACT_EXECUTIVE;GOV_LOCALGOV;WB_2142_LOCAL_GOVERNMENT;WB_1502_EDUCATIONAL_DECENTRALIZATION;WB_470_EDUCATION;WB_1497_EDUCATION_MANAGEMENT_AND_ADMINISTRATION;TAX_FNCACT_MINISTER;TAX_ETHNICITY_BLACK;SECURITY_SERVICES;TAX_FNCACT_POLICE;CRISISLEX_C07_SAFETY;TAX_POLITICAL_PARTY_REPUBLICANS;IDEOLOGY;LEADER;TAX_FNCACT_PRESIDENT;USPEC_POLITICS_GENERAL1;TAX_FNCACT_REPRESENTATIVES;EPU_ECONOMY_HISTORIC;USPEC_POLICY1;EPU_POLICY_BUDGET,0
https://www.asianimage.co.uk/news/national/26607960.dup-will-not-abdicate-responsibilities-amid-drumcree-dispute,DUP 'will not abdicate responsibilities' amid Drumcree dispute,EPU_POLICY_GOVERNMENT;TAX_FNCACT_CRIMINAL;TAX_WORLDMAMMALS_BEAR;TAX_FNCACT_DEPUTY;TAX_FNCACT_COMMISSIONERS;LEGISLATION;EPU_POLICY_LAW;TAX_FNCACT_MINISTERS;MANMADE_DISASTER_IMPLIED;RESIGNATION;EPU_POLICY_POLITICAL;PROTEST;SLFID_RULE_OF_LAW;GENERAL_GOVERNMENT;TAX_FNCACT_UNIONISTS;SANCTIONS;TAX_FNCACT_LEADER;SECURITY_SERVICES;TAX_FNCACT_POLICE;CRISISLEX_C07_SAFETY;TAX_FNCACT_EXECUTIVE;TAX_ETHNICITY_BLACK;GOV_LOCALGOV;WB_2142_LOCAL_GOVERNMENT;WB_1502_EDUCATIONAL_DECENTRALIZATION;WB_470_EDUCATION;WB_1497_EDUCATION_MANAGEMENT_AND_ADMINISTRATION;TAX_FNCACT_MINISTER;IDEOLOGY;LEADER;TAX_FNCACT_PRESIDENT;USPEC_POLITICS_GENERAL1;TAX_FNCACT_REPRESENTATIVES;USPEC_POLICY1;EPU_POLICY_BUDGET;EPU_ECONOMY_HISTORIC;TAX_POLITICAL_PARTY_REPUBLICANS,0
https://www.leaderlive.co.uk/news/national/26607960.dup-will-not-abdicate-responsibilities-amid-drumcree-dispute,DUP 'will not abdicate responsibilities' amid Drumcree dispute,TAX_FNCACT_EXECUTIVE;TAX_ETHNICITY_BLACK;TAX_FNCACT_MINISTER;GOV_LOCALGOV;WB_2142_LOCAL_GOVERNMENT;WB_1502_EDUCATIONAL_DECENTRALIZATION;WB_470_EDUCATION;WB_1497_EDUCATION_MANAGEMENT_AND_ADMINISTRATION;SECURITY_SERVICES;TAX_FNCACT_POLICE;CRISISLEX_C07_SAFETY;TAX_POLITICAL_PARTY_REPUBLICANS;TAX_FNCACT_REPRESENTATIVES;LEADER;TAX_FNCACT_PRESIDENT;USPEC_POLITICS_GENERAL1;IDEOLOGY;USPEC_POLICY1;EPU_POLICY_BUDGET;EPU_ECONOMY_HISTORIC;MANMADE_DISASTER_IMPLIED;TAX_FNCACT_DEPUTY;LEGISLATION;EPU_POLICY_LAW;TAX_FNCACT_MINISTERS;TAX_FNCACT_COMMISSIONERS;TAX_WORLDMAMMALS_BEAR;RESIGNATION;EPU_POLICY_POLITICAL;SLFID_RULE_OF_LAW;PROTEST;TAX_FNCACT_CRIMINAL;EPU_POLICY_GOVERNMENT;SANCTIONS;TAX_FNCACT_LEADER;TAX_FNCACT_UNIONISTS;GENERAL_GOVERNMENT,0
https://www.southwalesguardian.co.uk/news/national/26607960.dup-will-not-abdicate-responsibilities-amid-drumcree-dispute,DUP 'will not abdicate responsibilities' amid Drumcree dispute,EPU_ECONOMY_HISTORIC;USPEC_POLICY1;EPU_POLICY_BUDGET;TAX_FNCACT_REPRESENTATIVES;IDEOLOGY;LEADER;TAX_FNCACT_PRESIDENT;USPEC_POLITICS_GENERAL1;TAX_POLITICAL_PARTY_REPUBLICANS;SECURITY_SERVICES;TAX_FNCACT_POLICE;CRISISLEX_C07_SAFETY;TAX_FNCACT_MINISTER;GOV_LOCALGOV;WB_2142_LOCAL_GOVERNMENT;WB_1502_EDUCATIONAL_DECENTRALIZATION;WB_470_EDUCATION;WB_1497_EDUCATION_MANAGEMENT_AND_ADMINISTRATION;TAX_ETHNICITY_BLACK;TAX_FNCACT_EXECUTIVE;TAX_FNCACT_UNIONISTS;GENERAL_GOVERNMENT;TAX_FNCACT_LEADER;SANCTIONS;TAX_FNCACT_CRIMINAL;EPU_POLICY_GOVERNMENT;SLFID_RULE_OF_LAW;PROTEST;EPU_POLICY_POLITICAL;RESIGNATION;TAX_FNCACT_DEPUTY;MANMADE_DISASTER_IMPLIED;TAX_FNCACT_MINISTERS;TAX_FNCACT_COMMISSIONERS;LEGISLATION;EPU_POLICY_LAW;TAX_WORLDMAMMALS_BEAR,0
https://www.thenorthernecho.co.uk/news/26607954.woman-22-dies-two-arrested-crash-a1-m-near-barton,"Woman, 22, dies and two arrested after crash on the A1(M) near Barton",SECURITY_SERVICES;TAX_FNCACT_POLICE;TAX_FNCACT_SPECIALIST;TAX_FNCACT_WOMAN;CRISISLEX_T01_CAUTION_ADVICE;CRISISLEX_CRISISLEXREC;ARREST;SOC_GENERALCRIME;CRISISLEX_C07_SAFETY;MANMADE_DISASTER_IMPLIED;WB_2937_SILVER;WB_507_ENERGY_AND_EXTRACTIVES;WB_895_MINING_SYSTEMS;WB_1699_METAL_ORE_MINING;KILL;CRISISLEX_T02_INJURED;CRISISLEX_T03_DEAD;CRISISLEX_O02_RESPONSEAGENCIESATCRISIS;ENV_OIL;TAX_MILITARY_TITLE_OFFICERS;TAX_FNCACT_OFFICERS;TRAFFIC,0
https://www.thenorthernecho.co.uk/news/26607950.mr-beans-rowan-atkinson-announces-new-west-end-show-40-years,Mr Bean's Rowan Atkinson announces new West End show after 40 years,MANMADE_DISASTER_IMPLIED;GEN_HOLIDAY;EDUCATION;SOC_POINTSOFINTEREST_SCHOOL;WB_2670_JOBS;WB_696_PUBLIC_SECTOR_MANAGEMENT;WB_2048_COMPENSATION_CAREERS_AND_INCENTIVES;WB_723_PUBLIC_ADMINISTRATION;WB_724_HUMAN_RESOURCES_FOR_PUBLIC_SECTOR;TAX_FNCACT_COMPOSER;AGRICULTURE;WOUND;CRISISLEX_CRISISLEXREC;CRISISLEX_C03_WELLBEING_HEALTH;CRISISLEX_T02_INJURED;TAX_WORLDINSECTS_BEES;TAX_FNCACT_DIRECTOR;MEDIA_MSM;TAX_FNCACT_FARMER;USPEC_POLICY1;EPU_POLICY_SPENDING;TAX_FNCACT_FATHER;SOC_POINTSOFINTEREST_UNIVERSITY,0
https://www.thenorthernecho.co.uk/news/26607935.cheapest-supermarket-uk-revealed-according,Cheapest supermarket in the UK revealed according to Which?,TAX_FNCACT_CHAMPION;TAX_FNCACT_EDITOR;EPU_CATS_MIGRATION_FEAR_FEAR;TAX_MILITARY_TITLE_OFFICER;TAX_FNCACT_OFFICER;TAX_ECON_PRICE;TAX_FNCACT_CHIEF;USPEC_POLICY1;TAX_FOODSTAPLES_MILK;TAX_FOODSTAPLES_BREAD,0
https://www.brentwoodlive.co.uk/news/26607916.closed-sturmer-garden-centre-remains-sale-2million,Closed Sturmer Garden Centre remains for sale at &#xA3;2million,TAX_FNCACT_MASON;TAX_FNCACT_ADVISER;AGRICULTURE;BORDER;TAX_RELIGION_CHURCH;CRISISLEX_T11_UPDATESSYMPATHY;TAX_ECON_PRICE;TAX_FNCACT_SPOKESMAN;CLOSURE;WB_2670_JOBS;WB_1467_EDUCATION_FOR_ALL;WB_470_EDUCATION;WB_2131_EMPLOYABILITY_SKILLS_AND_JOBS;WB_1484_EDUCATION_SKILLS_DEVELOPMENT_AND_LABOR_MARKET;TAX_FNCACT_BOSSES;EPU_ECONOMY_HISTORIC;EPU_ECONOMY,0
https://www.thenorthernecho.co.uk/news/26606864.updated-heronby-plans-3-500-home-community-display,"Updated Heronby plans for 3,500-home community on display",CRISISLEX_CRISISLEXREC;EDUCATION;SOC_POINTSOFINTEREST_SCHOOLS;RURAL;CRISISLEX_T11_UPDATESSYMPATHY,0
https://www.thenorthernecho.co.uk/news/26607898.nigella-lawson-admits-stealing-alcohol-oxford-university,Bake Off star Nigella Lawson admits to 'stealing' alcohol and cheese,EDUCATION,0
https://www.brentwoodlive.co.uk/news/national/uk-today/26607878.channel-5-shut-5select-8-years-air,Channel 5 to shut down 5Select after 8 years on air,CLOSURE;MEDIA_MSM;TAX_ETHNICITY_AUSTRALIAN;MANMADE_DISASTER_IMPLIED;TAX_FNCACT_VET;TAX_FNCACT_GUIDE;MEDIA_SOCIAL,1
https://www.thenorthernecho.co.uk/news/national/uk-today/26607878.channel-5-shut-5select-8-years-air,Channel 5 to shut down 5Select after 8 years on air,MEDIA_SOCIAL;TAX_FNCACT_GUIDE;TAX_FNCACT_VET;MEDIA_MSM;CLOSURE;MANMADE_DISASTER_IMPLIED;TAX_ETHNICITY_AUSTRALIAN,1
https://www.lancashiretelegraph.co.uk/news/national/uk-today/26607878.channel-5-shut-5select-8-years-air,Channel 5 to shut down 5Select after 8 years on air,TAX_FNCACT_GUIDE;MEDIA_SOCIAL;CLOSURE;MEDIA_MSM;TAX_ETHNICITY_AUSTRALIAN;MANMADE_DISASTER_IMPLIED;TAX_FNCACT_VET,1
https://www.tomsguide.com/live/news/october-prime-day-value-deals-best-picks-2026,"October Prime Day just went LIVE &#x2014; 47+ best deals on Apple, Beats, Ninja, Skechers, Ring and more",MEDIA_MSM;TAX_FNCACT_OFFICIAL,0
https://www.packagingeurope.com/brilliance-without-the-film-shunhos-plastic-free-metallic-material,'Brilliance without the film' &#x2013; Shunho's plastic-free metallic material,TAX_DISEASE_CONVENTIONAL;WB_566_ENVIRONMENT_AND_NATURAL_RESOURCES;WB_590_ECOSYSTEMS;EPU_ECONOMY_HISTORIC;WB_2433_CONFLICT_AND_VIOLENCE;WB_2465_REVOLUTIONARY_VIOLENCE;WB_2432_FRAGILITY_CONFLICT_AND_VIOLENCE;WB_2462_POLITICAL_VIOLENCE_AND_WAR;IDEOLOGY;TAX_WORLDLANGUAGES_SWEDISH;TAX_FNCACT_DISTRIBUTOR;WB_1331_HEALTH_TECHNOLOGIES;WB_1350_PHARMACEUTICALS;WB_621_HEALTH_NUTRITION_AND_POPULATION;TAX_FNCACT_LEADER;USPEC_POLICY1;TAX_FNCACT_MANUFACTURER;WB_1921_PRIVATE_SECTOR_DEVELOPMENT;WB_346_COMPETITIVE_INDUSTRIES;WB_818_INDUSTRY_POLICY_AND_REAL_SECTORS;WB_1281_MANUFACTURING;UNGP_CLIMATE_CHANGE_ACTION;UNGP_FORESTS_RIVERS_OCEANS;TAX_FNCACT_ARCHITECT;EPU_ECONOMY,1
https://www.kwbu.org/latest-from-npr/2026-10-05/imran-khan-supporters-march-in-pakistan-to-demand-his-release-after-talks-failed,Imran Khan supporters march in Pakistan to demand his release after talks failed,TAX_WORLDLANGUAGES_DAWAR;TAX_POLITICAL_PARTY_PAKISTAN_TEHREEKE_INSAF;TAX_FNCACT_AUTHORITIES;CRISISLEX_CRISISLEXREC;EPU_POLICY_AUTHORITIES;EPU_POLICY_POLITICAL;CRISISLEX_C07_SAFETY;ARREST;TERROR;ARMEDCONFLICT;TAX_FNCACT_INTERIOR_MINISTER;NEGOTIATIONS;WB_696_PUBLIC_SECTOR_MANAGEMENT;WB_840_JUSTICE;WB_2473_DIPLOMACY_AND_NEGOTIATIONS;WB_939_NEGOTIATION;WB_2470_PEACE_OPERATIONS_AND_CONFLICT_MANAGEMENT;WB_936_ALTERNATIVE_DISPUTE_RESOLUTION;WB_2432_FRAGILITY_CONFLICT_AND_VIOLENCE;WB_843_DISPUTE_RESOLUTION;WB_2471_PEACEKEEPING;GENERAL_GOVERNMENT;EPU_POLICY_GOVERNMENT;USPEC_POLICY1;EPU_UNCERTAINTY;MOVEMENT_GENERAL;EPU_CATS_REGULATION;TAX_FNCACT_LEADER;TAX_TERROR_GROUP_TALIBAN;TAX_FNCACT_OFFICIALS;TAX_FNCACT_LEADERS;TAX_FNCACT_CHIEF;TAX_FNCACT_SUPPORTERS;MARITIME_INCIDENT;MARITIME;ELECTION;CRISISLEX_T03_DEAD;MANMADE_DISASTER_IMPLIED;EPU_CATS_MIGRATION_FEAR_FEAR;TAX_FNCACT_MINISTER;PROTEST;TAX_FNCACT_DEMONSTRATORS;TAX_FNCACT_CHAIRMAN;LEADER;TAX_FNCACT_PRIME_MINISTER;USPEC_POLITICS_GENERAL1;TAX_FNCACT_ORGANIZERS;DELAY;GENERAL_HEALTH;MEDICAL;SOC_POINTSOFINTEREST_HOSPITAL;CRISISLEX_C03_WELLBEING_HEALTH;CORRUPTION;TAX_FNCACT_SUPPORTER;KILL,0
https://www.spokanepublicradio.org/2026-10-05/from-floating-saunas-to-clinical-trials-how-heat-might-help-mental-health,From floating saunas to clinical trials: How heat might help mental health,CRISISLEX_C03_WELLBEING_HEALTH;TAX_FNCACT_RESEARCHER;TAX_FNCACT_MASONS;TAX_FNCACT_MASON;RECRUITMENT;TAX_FNCACT_CLINICAL_PSYCHOLOGIST;WB_1458_HEALTH_PROMOTION_AND_DISEASE_PREVENTION;WB_1461_HEALTHY_LIFESTYLES;EPU_CATS_REGULATION;MOVEMENT_GENERAL;KILL;WB_855_LABOR_MARKETS;WB_1673_PASSIVE_LABOR_MARKETS_POLICIES;WB_1674_HEALTH_AND_SAFETY_CONDITIONS;WB_697_SOCIAL_PROTECTION_AND_LABOR;WB_1448_DEMOGRAPHIC_CHANGE;WB_643_AGING_POPULATION;UNGP_FORESTS_RIVERS_OCEANS;TAX_FNCACT_PSYCHOLOGIST;CRISISLEX_T11_UPDATESSYMPATHY;TAX_ETHNICITY_JAPANESE;TAX_WORLDLANGUAGES_JAPANESE;TAX_DISEASE_DEPRESSION;GENERAL_HEALTH;MEDICAL;TAX_DISEASE_HYPERTHERMIA;TAX_FNCACT_PILOT;HEALTH_PANDEMIC;WB_635_PUBLIC_HEALTH;WB_2165_HEALTH_EMERGENCIES;WB_2166_HEALTH_EMERGENCY_PREPAREDNESS_AND_DISASTER_RESPONSE;WB_2167_PANDEMICS;UNGP_HEALTHCARE;TAX_FNCACT_SCIENTIST;CRISISLEX_O01_WEATHER;TAX_DISEASE_MOOD_DISORDERS;SCIENCE;TAX_FNCACT_PROFESSOR;TAX_WORLDMAMMALS_HUMAN;TAX_WORLDMAMMALS_HUMANS;GENERAL_GOVERNMENT;USPEC_POLITICS_GENERAL1;EPU_POLICY_CONGRESS;WB_1614_NUTRITIONAL_PROGRAMS;WB_1609_FOOD_AND_IN_KIND_TRANSFERS;WB_1615_THERAPEUTIC;WB_1466_SOCIAL_ASSISTANCE;WB_1406_DISEASES;WB_621_HEALTH_NUTRITION_AND_POPULATION;WB_1430_MENTAL_HEALTH;WB_1427_NON_COMMUNICABLE_DISEASE_AND_INJURY;EDUCATION;SOC_POINTSOFINTEREST_UNIVERSITY;USPEC_POLICY1;EPU_POLICY_SPENDING;TAX_DISEASE_REMISSION,0
https://www.flickeringmyth.com/movie-review-crushed-2025,Crushed (2025) - Movie Review,TAX_FNCACT_DIRECTOR;HUMAN_TRAFFICKING;WB_2458_HUMAN_TRAFFICKING;WB_2453_ORGANIZED_CRIME;WB_2442_SEXUAL_TRAFICKING;TAX_FNCACT_CHILD;KIDNAP;TAX_FNCACT_WRITER;WB_1160_SHOCKS_AND_VULNERABILITY;WB_695_POVERTY;TAX_FNCACT_FATHER;IDEOLOGY;TAX_FNCACT_ACTOR;TAX_ETHNICITY_THAI;TAX_FNCACT_MAN;TAX_ETHNICITY_AMERICAN;UNGP_FORESTS_RIVERS_OCEANS;TAX_FNCACT_WOMAN;TAX_RELIGION_CHRISTIAN;TAX_ETHNICITY_CHRISTIAN;CRISISLEX_T11_UPDATESSYMPATHY;WB_2433_CONFLICT_AND_VIOLENCE;WB_2432_FRAGILITY_CONFLICT_AND_VIOLENCE;UNGP_CRIME_VIOLENCE;TAX_FNCACT_PRIEST;TAX_FNCACT_VIGILANTE,0
https://www.wxxinews.org/new-york-public-news-network/2026-10-05/new-york-state-stockpiled-abortion-pills-now-theyre-all-expired,New York state stockpiled abortion pills. Now they're all expired.,LEADER;TAX_FNCACT_GOVERNORS;TAX_FNCACT_WHOLESALER;TAX_FNCACT_DOCTORS;CRISISLEX_C03_WELLBEING_HEALTH;CRISISLEX_O02_RESPONSEAGENCIESATCRISIS;GENERAL_HEALTH;MEDICAL;TAX_WORLDLANGUAGES_OREGON;TAX_FNCACT_SPOKESPERSON;TAX_FNCACT_JUDGE;WB_639_REPRODUCTIVE_MATERNAL_AND_CHILD_HEALTH;TAX_DISEASE_PREGNANCY;SHORTAGE;TAX_FNCACT_OFFICIALS;LEGISLATION;USPEC_POLICY1;EPU_UNCERTAINTY;WB_1331_HEALTH_TECHNOLOGIES;WB_2453_ORGANIZED_CRIME;WB_1350_PHARMACEUTICALS;WB_2433_CONFLICT_AND_VIOLENCE;WB_621_HEALTH_NUTRITION_AND_POPULATION;WB_2432_FRAGILITY_CONFLICT_AND_VIOLENCE;WB_2456_DRUGS_AND_NARCOTICS;DEMOCRACY;UNGP_FORESTS_RIVERS_OCEANS;ECON_STOCKMARKET;TAX_WORLDLANGUAGES_MASSACHUSETTS;CRISISLEX_CRISISLEXREC;TRIAL;EXTREMISM;TERROR;ARMEDCONFLICT;TAX_ECON_PRICE,0
http://www.sierraleonetimes.com/news/279352541/ebola-outbreak-has-passed-its-peak-dr-congo,Ebola outbreak has passed its peak,SURVEILLANCE;AFFECT;GENERAL_HEALTH;MEDICAL;TAX_DISEASE_EBOLA;WB_1406_DISEASES;WB_621_HEALTH_NUTRITION_AND_POPULATION;WB_1415_COMMUNICABLE_DISEASE;WB_2663_EBOLA;DEMOCRACY;TAX_DISEASE_INFECTION;GENERAL_GOVERNMENT;TAX_DISEASE_DISEASE;UNGP_HEALTHCARE;TAX_FNCACT_MINISTER;CRISISLEX_T03_DEAD;TAX_ETHNICITY_KAMBA;TAX_WORLDLANGUAGES_KAMBA;WB_2024_ANTI_CORRUPTION_AUTHORITIES;WB_696_PUBLIC_SECTOR_MANAGEMENT;WB_831_GOVERNANCE;WB_832_ANTI_CORRUPTION;WB_2026_PREVENTION;TAX_DISEASE_OUTBREAK;WB_635_PUBLIC_HEALTH;WB_2165_HEALTH_EMERGENCIES;WB_2166_HEALTH_EMERGENCY_PREPAREDNESS_AND_DISASTER_RESPONSE;WB_2167_PANDEMICS;CRISISLEX_CRISISLEXREC;CRISISLEX_T01_CAUTION_ADVICE;CRISISLEX_T04_INFRASTRUCTURE;KILL,0
https://www.gulfcoastnewsnow.com/article/sass-jordan-canadian-rock-star-dies-65/74026995,"Sass Jordan, 'Canadian Idol' judge and rock singer, has died",TAX_FNCACT_SINGER;TAX_FNCACT_PRODUCER;DELAY;CRISISLEX_CRISISLEXREC;UNGP_FORESTS_RIVERS_OCEANS;TAX_FNCACT_BABY;TAX_ETHNICITY_CANADIAN;GENERAL_HEALTH;MEDICAL;CRISISLEX_C03_WELLBEING_HEALTH;TAX_FNCACT_JUDGE;TAX_FNCACT_ARTISTS;CRISISLEX_T11_UPDATESSYMPATHY;WB_2670_JOBS;WB_696_PUBLIC_SECTOR_MANAGEMENT;WB_2048_COMPENSATION_CAREERS_AND_INCENTIVES;WB_723_PUBLIC_ADMINISTRATION;WB_724_HUMAN_RESOURCES_FOR_PUBLIC_SECTOR;TAX_FNCACT_WOMAN;MEDIA_MSM;URBAN,0
https://600wmtradio.iheart.com/content/2026-10-05-google-shuts-down-bug-bounty-program-due-to-bots,Google Shuts Down Bug Bounty Program Due To Bots,CLOSURE;CRISISLEX_C07_SAFETY;CYBER_ATTACK;WB_670_ICT_SECURITY;WB_678_DIGITAL_GOVERNMENT;WB_2946_OPEN_SOURCE;WB_667_ICT_INFRASTRUCTURE;WB_669_SOFTWARE_INFRASTRUCTURE;WB_133_INFORMATION_AND_COMMUNICATION_TECHNOLOGIES;WB_1160_SHOCKS_AND_VULNERABILITY;WB_695_POVERTY;WB_2381_SOFTWARE_DEVELOPMENT;WB_2375_ICT_METHODS_AND_PROCEDURES;EDUCATION;SOC_POINTSOFINTEREST_UNIVERSITY,1
https://wbbq.iheart.com/featured/jeff-stevens/content/2026-10-05-taylor-swift-takes-fans-inside-the-making-of-patient-zero,Taylor Swift Takes Fans Inside the Making of 'Patient Zero' | 104.3 WBBQ,CRISISLEX_C03_WELLBEING_HEALTH;SOC_GENERALCRIME;EPU_CATS_MIGRATION_FEAR_FEAR,0
https://abc7.com/story/former-prince-andrew-files-legal-action-quash-warrants-led-searches-residence/19909775,Former Prince Andrew files a legal action to quash warrants that led to searches of his residence,TAX_FNCACT_KING;HUMAN_TRAFFICKING;WB_2458_HUMAN_TRAFFICKING;WB_2453_ORGANIZED_CRIME;WB_2433_CONFLICT_AND_VIOLENCE;WB_2442_SEXUAL_TRAFICKING;WB_2432_FRAGILITY_CONFLICT_AND_VIOLENCE;WB_698_TRADE;TAX_FNCACT_QUEEN;ARREST;SOC_GENERALCRIME;SECURITY_SERVICES;TAX_FNCACT_POLICE;CRISISLEX_C07_SAFETY;TAX_FNCACT_ENVOY;WB_2024_ANTI_CORRUPTION_AUTHORITIES;WB_696_PUBLIC_SECTOR_MANAGEMENT;WB_840_JUSTICE;WB_2025_INVESTIGATION;WB_831_GOVERNANCE;WB_832_ANTI_CORRUPTION;WB_1014_CRIMINAL_JUSTICE;LEGISLATION;EPU_POLICY_LAW;TAX_FNCACT_PRINCE;TAX_FNCACT_SPOKESPERSON;CRISISLEX_CRISISLEXREC;TAX_FNCACT_SPOKESMAN,0
https://isp.netscape.com:443/news/world/story/0001/20261005/edaf09a1c2d544fe8f4bfc4d84fab00a,Former Prince Andrew files a legal action to quash warrants that led to searches of his residences,WB_2024_ANTI_CORRUPTION_AUTHORITIES;WB_2025_INVESTIGATION;WB_831_GOVERNANCE;WB_832_ANTI_CORRUPTION;TAX_FNCACT_ENVOY;SECURITY_SERVICES;TAX_FNCACT_POLICE;CRISISLEX_C07_SAFETY;UNGP_FORESTS_RIVERS_OCEANS;TAX_FNCACT_LAWYERS;ARREST;SOC_GENERALCRIME;TAX_FNCACT_QUEEN;WB_698_TRADE;TRIAL;TAX_FNCACT_ATTORNEY;CRISISLEX_T11_UPDATESSYMPATHY;TAX_FNCACT_SPOKESPERSON;TAX_FNCACT_SPOKESMAN;TAX_FNCACT_AUTHORITIES;CRISISLEX_CRISISLEXREC;EPU_POLICY_AUTHORITIES;ARMEDCONFLICT;LEGISLATION;EPU_POLICY_LAW;TAX_FNCACT_PRINCE;WB_696_PUBLIC_SECTOR_MANAGEMENT;WB_840_JUSTICE;WB_1014_CRIMINAL_JUSTICE;HUMAN_TRAFFICKING;WB_2458_HUMAN_TRAFFICKING;WB_2453_ORGANIZED_CRIME;WB_2433_CONFLICT_AND_VIOLENCE;WB_2442_SEXUAL_TRAFICKING;WB_2432_FRAGILITY_CONFLICT_AND_VIOLENCE;TAX_FNCACT_KING,0
https://thebreakfastclub.iheart.com/featured/breakfast-club/content/2026-10-05-51-the-breakfast-club-renee-goods-family-sues-amber-guyger-granted-parole-r,"Renee Good's Family Sues, Amber Guyger Granted Parole & Rick Ross Arrested | The Breakfast Club",NATURAL_DISASTER_ICE;TAX_FNCACT_AGENT;WB_2433_CONFLICT_AND_VIOLENCE;WB_2432_FRAGILITY_CONFLICT_AND_VIOLENCE;UNGP_CRIME_VIOLENCE;ARREST;SOC_GENERALCRIME;TRIAL;TAX_FNCACT_POLICE_OFFICER;CRISISLEX_CRISISLEXREC;KILL;TAX_FNCACT_OFFICER;SECURITY_SERVICES;TAX_FNCACT_POLICE;CRISISLEX_C07_SAFETY;GENERAL_GOVERNMENT;EPU_POLICY_GOVERNMENT;GENDER_VIOLENCE;WB_742_YOUTH_AND_GENDER_BASED_VIOLENCE;WB_2441_DOMESTIC_VIOLENCE;WB_738_SOCIAL_COHESION;WB_134_SOCIAL_DEVELOPMENT;TAX_ETHNICITY_BLACK,0
https://800wvhu.iheart.com/content/2026-10-05-google-shuts-down-bug-bounty-program-due-to-bots,Google Shuts Down Bug Bounty Program Due To Bots,CRISISLEX_C07_SAFETY;CLOSURE;WB_1160_SHOCKS_AND_VULNERABILITY;WB_695_POVERTY;WB_678_DIGITAL_GOVERNMENT;WB_2946_OPEN_SOURCE;WB_667_ICT_INFRASTRUCTURE;WB_669_SOFTWARE_INFRASTRUCTURE;WB_133_INFORMATION_AND_COMMUNICATION_TECHNOLOGIES;CYBER_ATTACK;WB_670_ICT_SECURITY;EDUCATION;SOC_POINTSOFINTEREST_UNIVERSITY;WB_2381_SOFTWARE_DEVELOPMENT;WB_2375_ICT_METHODS_AND_PROCEDURES,1
https://mix981fm.iheart.com/featured/murphy-sam-jodi/content/2026-10-05-1119-murphy-sam-jodi-compatibility-free-time-michael-mcdonalds-son-haunted-,Compatibility & Free Time / Michael McDonald's Son / Haunted House Fears - MONDAY 10/5 | Mix 98.1,UNGP_FORESTS_RIVERS_OCEANS,0
https://www.gulfcoastnewsnow.com/article/us-military-alleged-drug-smuggling-boat-caribbean/74026191,US military: Latest strike on alleged drug-smuggling boat kills 4,TRIAL;SMUGGLING;KILL;LEADER;TAX_FNCACT_PRESIDENT;USPEC_POLITICS_GENERAL1;CRISISLEX_T03_DEAD;CRIME_CARTELS;ORGANIZED_CRIME;WB_1743_ANTICARTEL_ENFORCEMENT;WB_1921_PRIVATE_SECTOR_DEVELOPMENT;WB_2446_CARTELS;WB_406_COMPETITION_POLICY;WB_2101_ANTITRUST;WB_2445_NON_STATE_SECURITY_ACTORS;TAX_WORLDLANGUAGES_LATIN;UNGP_FORESTS_RIVERS_OCEANS;DRUG_TRADE;WB_1331_HEALTH_TECHNOLOGIES;WB_2453_ORGANIZED_CRIME;WB_1350_PHARMACEUTICALS;WB_2433_CONFLICT_AND_VIOLENCE;WB_621_HEALTH_NUTRITION_AND_POPULATION;WB_2432_FRAGILITY_CONFLICT_AND_VIOLENCE;WB_2456_DRUGS_AND_NARCOTICS;MARITIME_INCIDENT;MARITIME;MANMADE_DISASTER_IMPLIED;TAX_FNCACT_VETERANS;CRISISLEX_T01_CAUTION_ADVICE;TAX_ETHNICITY_VENEZUELAN;TAX_FNCACT_CRIMINAL;TAX_FNCACT_SECRETARY;CRISISLEX_CRISISLEXREC;TAX_ETHNICITY_AMERICAN,0
https://www.wapt.com/article/us-military-alleged-drug-smuggling-boat-caribbean/74026191,US military: Latest strike on alleged drug-smuggling boat kills 4,TRIAL;LEADER;TAX_FNCACT_PRESIDENT;USPEC_POLITICS_GENERAL1;KILL;SMUGGLING;CRIME_CARTELS;ORGANIZED_CRIME;WB_1743_ANTICARTEL_ENFORCEMENT;WB_1921_PRIVATE_SECTOR_DEVELOPMENT;WB_2446_CARTELS;WB_406_COMPETITION_POLICY;WB_2101_ANTITRUST;WB_2445_NON_STATE_SECURITY_ACTORS;CRISISLEX_T03_DEAD;UNGP_FORESTS_RIVERS_OCEANS;TAX_WORLDLANGUAGES_LATIN;MARITIME_INCIDENT;MARITIME;MANMADE_DISASTER_IMPLIED;TAX_FNCACT_VETERANS;DRUG_TRADE;WB_1331_HEALTH_TECHNOLOGIES;WB_2453_ORGANIZED_CRIME;WB_1350_PHARMACEUTICALS;WB_2433_CONFLICT_AND_VIOLENCE;WB_621_HEALTH_NUTRITION_AND_POPULATION;WB_2432_FRAGILITY_CONFLICT_AND_VIOLENCE;WB_2456_DRUGS_AND_NARCOTICS;CRISISLEX_T01_CAUTION_ADVICE;TAX_ETHNICITY_VENEZUELAN;TAX_ETHNICITY_AMERICAN;CRISISLEX_CRISISLEXREC;TAX_FNCACT_SECRETARY;TAX_FNCACT_CRIMINAL,0
https://klrc.com/community/prayer-wall/hard-times-4,Hard Times  | 90.9 KLRC,CRISISLEX_T11_UPDATESSYMPATHY,0
https://www.ecb.europa.eu/pub/research/authors/profiles/piers-hinds.en.html,Papers by Piers Hinds,WB_678_DIGITAL_GOVERNMENT;WB_2944_SERVERS;WB_671_STORAGE_MANAGEMENT;WB_667_ICT_INFRASTRUCTURE;WB_672_NETWORK_MANAGEMENT;WB_133_INFORMATION_AND_COMMUNICATION_TECHNOLOGIES,0
https://www.pr-inside.com/utah-medical-products-inc-extends-tender-offer-r5230324.htm,"Utah Medical Products, Inc. Extends Tender Offer",TAX_FNCACT_NOMINEE;TAX_FNCACT_WOMEN;WB_318_FINANCIAL_ARCHITECTURE_AND_BANKING;WB_1920_FINANCIAL_SECTOR_DEVELOPMENT;WB_1234_BANKING_INSTITUTIONS;WB_1236_COMMERCIAL_BANKING;TAX_FNCACT_AGENT;TAX_FNCACT_BROKER;EPU_CATS_HEALTHCARE;TAX_FNCACT_BABIES;ECON_STOCKMARKET;EPU_CATS_REGULATION;EPU_CATS_FINANCIAL_REGULATION;UNGP_FORESTS_RIVERS_OCEANS;GENERAL_HEALTH;MEDICAL;CRISISLEX_C03_WELLBEING_HEALTH;WB_1331_HEALTH_TECHNOLOGIES;WB_621_HEALTH_NUTRITION_AND_POPULATION;WB_1362_MEDICAL_EQUIPMENT,1
https://www.hurriyetdailynews.com/parliament-resumes-work-with-packed-legislative-agenda-227735,Parliament resumes work with packed legislative agenda,GENERAL_GOVERNMENT;TAX_DISEASE_EMERGENCIES;TAX_FNCACT_GOVERNOR;WB_845_LEGAL_AND_REGULATORY_FRAMEWORK;WB_696_PUBLIC_SECTOR_MANAGEMENT;WB_410_BUSINESS_LAW_AND_REGULATION;WB_980_PROCUREMENT_LAW;TAX_AIDGROUPS_RED_CRESCENT;WB_957_GOVERNMENT_PROCUREMENT;WB_1879_PUBLIC_PROCUREMENT_LAWS;LEGISLATION;USPEC_POLICY1;EPU_POLICY_LEGISLATION;WB_2372_AUTHENTICATION_AND_AUTHORIZATION;TAX_FNCACT_AUTHORITIES;CRISISLEX_CRISISLEXREC;EPU_POLICY_AUTHORITIES;EPU_POLICY_LAW;ECON_CENTRALBANK;WB_1235_CENTRAL_BANKS;WB_318_FINANCIAL_ARCHITECTURE_AND_BANKING;WB_1920_FINANCIAL_SECTOR_DEVELOPMENT;WB_1234_BANKING_INSTITUTIONS;EPU_POLICY_CENTRAL_BANK;EPU_CATS_MONETARY_POLICY;WB_840_JUSTICE;WB_1466_SOCIAL_ASSISTANCE;WB_697_SOCIAL_PROTECTION_AND_LABOR;EPU_ECONOMY;EPU_ECONOMY_HISTORIC;TAX_ETHNICITY_TURKISH;TAX_WORLDLANGUAGES_TURKISH;LEADER;TAX_FNCACT_LAWMAKERS;USPEC_POLITICS_GENERAL1;EPU_POLICY_LAWMAKERS;WB_678_DIGITAL_GOVERNMENT;WB_670_ICT_SECURITY;WB_680_PERSONAL_DATA_PROTECTION;WB_133_INFORMATION_AND_COMMUNICATION_TECHNOLOGIES;EPU_POLICY_BUDGET;TOURISM;WB_825_TOURISM;WB_1921_PRIVATE_SECTOR_DEVELOPMENT;WB_346_COMPETITIVE_INDUSTRIES;WB_818_INDUSTRY_POLICY_AND_REAL_SECTORS;WB_336_NON_BANK_FINANCIAL_INSTITUTIONS;WB_341_INVESTMENT_FUNDS;WB_332_CAPITAL_MARKETS;AFFECT;WB_831_GOVERNANCE;WB_838_PUBLIC_ACCOUNTABILITY_MECHANISMS;WB_444_MONETARY_POLICY;WB_439_MACROECONOMIC_AND_STRUCTURAL_POLICIES;EPU_POLICY_MONETARY_POLICY;EPU_POLICY_POLICY,0
https://isp.netscape.com:443/news/world/story/0001/20261005/9ddc8e3e064637853407bfd24d8937f5,A Russian report says a worker at a Siberian plague institute fell ill and died of an unknown cause,TAX_DISEASE_DISEASE;WB_1406_DISEASES;TAX_DISEASE_INFECTION;TAX_FNCACT_AUTHORITIES;CRISISLEX_CRISISLEXREC;EPU_POLICY_AUTHORITIES;MEDIA_MSM;TAX_DISEASE_PLAGUE;TAX_FNCACT_WORKER;SOC_QUARANTINE;INFO_RUMOR;ECON_DEVELOPMENTORGS_WORLD_HEALTH_ORGANIZATION;TAX_AIDGROUPS_WORLD_HEALTH_ORGANIZATION;TAX_FNCACT_WOMAN;TAX_WORLDLANGUAGES_RUSSIA;SOC_POINTSOFINTEREST_HOSPITALS;TAX_FNCACT_DIRECTOR;TAX_FNCACT_OFFICIALS;TAX_DISEASE_PATHOGENS;WB_635_PUBLIC_HEALTH;WB_621_HEALTH_NUTRITION_AND_POPULATION;TAX_ETHNICITY_RUSSIAN;TAX_WORLDLANGUAGES_RUSSIAN;TAX_DISEASE_COVID_19;CRISISLEX_T11_UPDATESSYMPATHY;SICKENED;TAX_FNCACT_SPOKESMAN;TAX_DISEASE_COMMON_COLD;WB_678_DIGITAL_GOVERNMENT;WB_694_BROADCAST_AND_MEDIA;WB_133_INFORMATION_AND_COMMUNICATION_TECHNOLOGIES;TAX_FNCACT_EMPLOYEE;AFFECT;GENERAL_HEALTH;MEDICAL;SOC_POINTSOFINTEREST_HOSPITAL;CRISISLEX_C03_WELLBEING_HEALTH;TAX_DISEASE_PNEUMONIA;UNGP_HEALTHCARE;LEADER;TAX_FNCACT_MAYOR;TAX_FNCACT_OFFICIAL;KILL;CRISISLEX_T03_DEAD,0
https://themedialine.org/headlines/bar-ilan-lecturer-indicted-over-alleged-plot-to-kill-hundreds-of-arabs,Bar-Ilan Lecturer Indicted Over Alleged Plot To Kill Hundreds of Arabs,WB_696_PUBLIC_SECTOR_MANAGEMENT;WB_840_JUSTICE;USPEC_POLICY1;EPU_POLICY_SPENDING;EDUCATION;SOC_POINTSOFINTEREST_UNIVERSITY;RECRUITMENT;TAX_WEAPONS_FIREARMS;TERROR;ARMEDCONFLICT;TAX_FNCACT_LECTURER;FIREARM_OWNERSHIP;USPEC_UNCERTAINTY1;TAX_FNCACT_PROSECUTORS;ELECTION;TAX_WEAPONS_GUN;LEADER;TAX_FNCACT_LAWMAKER;USPEC_POLITICS_GENERAL1;TAX_FNCACT_CITIZENS;MILITARY;TAX_MILITARY_TITLE_SOLDIERS;TAX_FNCACT_SOLDIERS;IDEOLOGY;KILL;CRISISLEX_CRISISLEXREC;TAX_RELIGION_JEWISH;TAX_ETHNICITY_JEWISH;TAX_FNCACT_LEADER;TAX_ETHNICITY_PALESTINIANS;TAX_ETHNICITY_ARABS;TRIAL;ARREST;SOC_GENERALCRIME;CRISISLEX_C07_SAFETY;TAX_ETHNICITY_ARAB,0
https://www.civilsociety.co.uk/news/who-s-funding-city-bridge-foundation-energy-redress-scheme-and-more.html,"Who's Funding: City Bridge Foundation, Energy Redress Scheme and more",EPU_ECONOMY;EPU_ECONOMY_HISTORIC;WB_1625_SUPPORT_SERVICES;WB_1466_SOCIAL_ASSISTANCE;WB_697_SOCIAL_PROTECTION_AND_LABOR;POVERTY;WB_695_POVERTY;SOC_INNOVATION;USPEC_POLICY1;EPU_POLICY_BUDGET;URBAN;UNGP_CRIME_VIOLENCE;TAX_RELIGION_CHURCH;TAX_ECON_PRICE;GENERAL_GOVERNMENT;EPU_POLICY_GOVERNMENT;MARITIME;CRISISLEX_T11_UPDATESSYMPATHY;UNGP_CLIMATE_CHANGE_ACTION;GOV_LOCALGOV;WB_2142_LOCAL_GOVERNMENT;WB_1502_EDUCATIONAL_DECENTRALIZATION;WB_470_EDUCATION;WB_1497_EDUCATION_MANAGEMENT_AND_ADMINISTRATION,0
https://woc1420.iheart.com/content/2026-10-05-monitoring-ordered-amid-possible-plague-outbreak-in-russia,Monitoring Ordered Amid Possible Plague Outbreak In Russia,TAX_FNCACT_WOMAN;TAX_DISEASE_BACTERIA;GENERAL_HEALTH;MEDICAL;CRISISLEX_C03_WELLBEING_HEALTH;MEDIA_MSM;TAX_DISEASE_PLAGUE;TAX_ETHNICITY_RUSSIAN;TAX_WORLDLANGUAGES_RUSSIAN;TAX_FNCACT_TECHNICIAN;TAX_DISEASE_INFECTION;EPU_POLICY_WHITE_HOUSE;TAX_FNCACT_AUTHORITIES;EPU_POLICY_AUTHORITIES;TAX_DISEASE_DISEASE;WB_1406_DISEASES;UNGP_HEALTHCARE;GENERAL_GOVERNMENT;KILL;CRISISLEX_T03_DEAD;TAX_DISEASE_OUTBREAK;WB_635_PUBLIC_HEALTH;WB_2165_HEALTH_EMERGENCIES;WB_2166_HEALTH_EMERGENCY_PREPAREDNESS_AND_DISASTER_RESPONSE;WB_621_HEALTH_NUTRITION_AND_POPULATION;WB_2167_PANDEMICS;SOC_QUARANTINE;TAX_DISEASE_PNEUMONIA;LEADER;TAX_FNCACT_GOVERNOR;TAX_FNCACT_OFFICIALS;CRISISLEX_CRISISLEXREC;TAX_WORLDLANGUAGES_RUSSIA,0
https://woc1420.iheart.com/content/2026-10-05-us-german-scientists-win-nobel-prize-for-optogenetics,"US, German Scientists Win Nobel Prize For Optogenetics",SCIENCE;WB_678_DIGITAL_GOVERNMENT;WB_2943_SWITCHES;WB_667_ICT_INFRASTRUCTURE;WB_672_NETWORK_MANAGEMENT;WB_133_INFORMATION_AND_COMMUNICATION_TECHNOLOGIES;EDUCATION;SOC_POINTSOFINTEREST_UNIVERSITY;TAX_ETHNICITY_AMERICAN;TAX_ETHNICITY_GERMANS;TAX_WORLDLANGUAGES_GERMANS;GENERAL_HEALTH;MEDICAL;WB_1331_HEALTH_TECHNOLOGIES;WB_1350_PHARMACEUTICALS;WB_621_HEALTH_NUTRITION_AND_POPULATION;MEDIA_SOCIAL;TAX_ETHNICITY_GERMAN;TAX_WORLDLANGUAGES_GERMAN,0
https://wmanfm.iheart.com/content/2026-10-05-openai-safety-worker-alleges-companys-culture-is-broken,OpenAI Safety Worker Alleges Company's Culture Is Broken,TAX_FNCACT_AGENTS;WB_165_AIR_TRANSPORT;WB_135_TRANSPORT;WB_164_MODES_OF_TRANSPORT;SCIENCE;SOC_INNOVATION;EPU_ECONOMY_HISTORIC;LEADER;TAX_FNCACT_PRESIDENT;USPEC_POLITICS_GENERAL1;TAX_RELIGION_JAIN;TAX_ETHNICITY_JAIN;TAX_WORLDMAMMALS_HUMAN;UNGP_JOB_OPPORTUNITIES_WORKING_CONDITIONS;RESIGNATION;DELAY;USPEC_UNCERTAINTY1;CRISISLEX_C04_LOGISTICS_TRANSPORT;TAX_FNCACT_WORKER;WB_508_POWER_SYSTEMS;WB_509_NUCLEAR_ENERGY;WB_507_ENERGY_AND_EXTRACTIVES;TAX_FNCACT_SPOKESPERSON;CRISISLEX_C07_SAFETY;UNGP_FORESTS_RIVERS_OCEANS;TAX_FNCACT_CEO;GENERAL_GOVERNMENT;EPU_POLICY_GOVERNMENT,1
https://www.packagingeurope.com/doordash-develops-aircraft-packaging-and-infrastructure-for-drone-delivery,"DoorDash develops aircraft, packaging and infrastructure for drone delivery",WB_165_AIR_TRANSPORT;WB_164_MODES_OF_TRANSPORT;TAX_DISEASE_DISRUPTIVE;TAX_WORLDMAMMALS_HUMAN;EPU_ECONOMY_HISTORIC;TAX_FNCACT_OPERATOR;TRAFFIC;TAX_FNCACT_MERCHANT;TAX_FNCACT_PILOT;DRONES;WB_135_TRANSPORT;CRISISLEX_CRISISLEXREC;TAX_ECON_PRICE;TAX_ETHNICITY_ITALIAN;TAX_WORLDLANGUAGES_ITALIAN,1
https://www.actuarialpost.co.uk/article/october-2026-edition-of-the-actuarial-post-magazine-27256.htm,October 2026 Edition of the Actuarial Post Magazine,MEDIA_MSM;WB_1973_FINANCIAL_RISK_REDUCTION;WB_435_AGRICULTURE_AND_FOOD_SECURITY;WB_337_INSURANCE;WB_1967_AGRICULTURAL_RISK_AND_SECURITY;USPEC_POLICY1;EPU_POLICY_BUDGET;CORRUPTION;WB_2019_ANTI_CORRUPTION_LEGISLATION;WB_696_PUBLIC_SECTOR_MANAGEMENT;WB_831_GOVERNANCE;WB_832_ANTI_CORRUPTION;WB_2020_BRIBERY_FRAUD_AND_COLLUSION;RETIREMENT;TAX_FNCACT_EMPLOYERS;WB_2690_CATEGORIES_OF_EMPLOYMENT;WB_2670_JOBS;WB_2689_JOBS_DIAGNOSTICS;WB_2704_EMPLOYER;EPU_POLICY_POLITICAL;WB_2433_CONFLICT_AND_VIOLENCE;WB_2432_FRAGILITY_CONFLICT_AND_VIOLENCE;TAX_ECON_PRICE;GENERAL_HEALTH,0
https://www.film-news.co.uk:443/news/UK/129493/Gillian-Anderson-explains-viral-interaction-with-longtime-fans-over-distracting-theatre-behaviour,Gillian Anderson explains viral interaction with longtime fans over 'distracting' theatre behaviour,CRISISLEX_T11_UPDATESSYMPATHY;MEDIA_SOCIAL;WB_652_ICT_APPLICATIONS;WB_662_SOCIAL_MEDIA;WB_658_ENTERPRISE_APPLICATIONS;TAX_FNCACT_WOMEN;WB_678_DIGITAL_GOVERNMENT;WB_694_BROADCAST_AND_MEDIA;WB_133_INFORMATION_AND_COMMUNICATION_TECHNOLOGIES;TAX_FNCACT_ACTRESS;EDUCATION;WB_470_EDUCATION,0
https://magic937.iheart.com/featured/murphy-sam-jodi/content/2026-10-05-1119-murphy-sam-jodi-compatibility-free-time-michael-mcdonalds-son-haunted-,Compatibility & Free Time / Michael McDonald's Son / Haunted House Fears - MONDAY 10/5 | Magic 93.7,UNGP_FORESTS_RIVERS_OCEANS,0
https://www.wxxinews.org/npr-news/2026-10-05/drones-buzz-overhead-troops-hunker-underground-in-ukraines-hellish-kill-zone,"Drones buzz overhead, troops hunker underground in Ukraine's hellish Kill Zone",WB_2433_CONFLICT_AND_VIOLENCE;WB_2432_FRAGILITY_CONFLICT_AND_VIOLENCE;TAX_ETHNICITY_RUSSIAN;TAX_WORLDLANGUAGES_RUSSIAN;TAX_MILITARY_TITLE_SOLDIER;TAX_FNCACT_SOLDIER;TAX_FNCACT_SPOKESMAN;TAX_FNCACT_MEDIC;TAX_FNCACT_SERVICEMAN;DRONES;UNGP_FORESTS_RIVERS_OCEANS;SURVEILLANCE;TAX_FNCACT_TROOPS;CRISISLEX_O01_WEATHER;WOUND;CRISISLEX_T02_INJURED;TAX_WORLDLANGUAGES_GENYA;TAX_ETHNICITY_UKRAINIAN;TAX_WORLDLANGUAGES_UKRAINIAN;TAX_DISEASE_CONVENTIONAL;TAX_FNCACT_OPERATOR;LEADER;TAX_FNCACT_PRESIDENT;USPEC_POLITICS_GENERAL1;TAX_WEAPONS_MACHINE_GUNS;MANMADE_DISASTER_IMPLIED;TAX_FNCACT_INFANTRYMEN;TAX_FNCACT_ANALYSTS;TAX_FNCACT_GUARD;MILITARY;SCIENCE;SOC_INNOVATION;TAX_WORLDLANGUAGES_RUSSIA;KILL;TAX_FNCACT_DRIVER;CRISISLEX_CRISISLEXREC;CRISISLEX_T03_DEAD;WB_1467_EDUCATION_FOR_ALL;WB_470_EDUCATION;WB_2131_EMPLOYABILITY_SKILLS_AND_JOBS;WB_1484_EDUCATION_SKILLS_DEVELOPMENT_AND_LABOR_MARKET;EPU_ECONOMY_HISTORIC;WB_856_WAGES;WB_1654_ACTIVE_LABOR_MARKET_POLICIES;WB_855_LABOR_MARKETS;WB_697_SOCIAL_PROTECTION_AND_LABOR;TAX_WEAPONS_ARMORED;USPEC_POLICY1;EPU_POLICY_POLICY;ARMEDCONFLICT;EPU_CATS_NATIONAL_SECURITY;GENERAL_HEALTH;MEDICAL;WB_1331_HEALTH_TECHNOLOGIES;WB_1350_PHARMACEUTICALS;WB_621_HEALTH_NUTRITION_AND_POPULATION;ENV_MINING;WB_678_DIGITAL_GOVERNMENT;WB_694_BROADCAST_AND_MEDIA;WB_133_INFORMATION_AND_COMMUNICATION_TECHNOLOGIES;TAX_WEAPONS_ARTILLERY;TAX_WEAPONS_GUNS;AFFECT;EVACUATION;UNGP_CRIME_VIOLENCE;MOVEMENT_GENERAL;PUBLIC_TRANSPORT;TAX_MILITARY_TITLE_SOLDIERS;TAX_FNCACT_SOLDIERS;TAX_MILITARY_TITLE_SERGEANT;TAX_FNCACT_SERGEANT;TAX_FNCACT_VETERAN;TAX_ETHNICITY_RUSSIANS;TAX_WORLDLANGUAGES_RUSSIANS,0
https://www.longisland.com/articles/10-05-26/savers-opens-new-carle-place-store-plans-another-long-island-location.html,"Savers Opens New Carle Place Store, Plans Another Long Island Location",CRISISLEX_CRISISLEXREC;TAX_FNCACT_KING;TAX_FNCACT_LANDLORDS;WB_368_LEASING;ECON_HOUSING_PRICES,1
https://wmanfm.iheart.com/content/2026-10-05-us-german-scientists-win-nobel-prize-for-optogenetics,"US, German Scientists Win Nobel Prize For Optogenetics",WB_678_DIGITAL_GOVERNMENT;WB_2943_SWITCHES;WB_667_ICT_INFRASTRUCTURE;WB_672_NETWORK_MANAGEMENT;WB_133_INFORMATION_AND_COMMUNICATION_TECHNOLOGIES;EDUCATION;SOC_POINTSOFINTEREST_UNIVERSITY;SCIENCE;GENERAL_HEALTH;MEDICAL;WB_1331_HEALTH_TECHNOLOGIES;WB_1350_PHARMACEUTICALS;WB_621_HEALTH_NUTRITION_AND_POPULATION;TAX_ETHNICITY_AMERICAN;TAX_ETHNICITY_GERMANS;TAX_WORLDLANGUAGES_GERMANS;MEDIA_SOCIAL;TAX_ETHNICITY_GERMAN;TAX_WORLDLANGUAGES_GERMAN,0
https://www.wkms.org/npr-news/2026-10-05/nobel-medicine-prize-goes-to-3-scientists-for-research-into-brain-activity,Nobel medicine prize goes to 3 scientists for research into brain activity,WB_678_DIGITAL_GOVERNMENT;WB_2943_SWITCHES;WB_667_ICT_INFRASTRUCTURE;WB_672_NETWORK_MANAGEMENT;WB_133_INFORMATION_AND_COMMUNICATION_TECHNOLOGIES;TAX_WORLDLANGUAGES_SWEDISH;SOC_POINTSOFINTEREST_UNIVERSITY;EPU_ECONOMY;EPU_ECONOMY_HISTORIC;TAX_FNCACT_SECRETARY;GENERAL_HEALTH;MEDICAL;WB_1331_HEALTH_TECHNOLOGIES;WB_1350_PHARMACEUTICALS;WB_621_HEALTH_NUTRITION_AND_POPULATION;USPEC_POLITICS_GENERAL1;TAX_FNCACT_PROFESSOR;SCIENCE;TAX_FNCACT_SCIENTIST;EDUCATION;SOC_POINTSOFINTEREST_UNIVERSITIES;EPU_CATS_REGULATION,0
https://www.inquirer.com/flyers/struggles-high-danger-chances-against-rick-tocchet-slot-20261005.html,"It's early, but the Flyers' defensive struggles are concerning",,0
https://www.aarp.org/money/personal-finance/best-things-to-buy-october,Best Things to Buy in October 2026,TAX_ETHNICITY_BLACK;GEN_HOLIDAY;TAX_FNCACT_FOUNDER;TAX_FNCACT_EXECUTIVE;TAX_FNCACT_EDITOR,0
https://570wkbn.iheart.com/content/2026-10-05-us-german-scientists-win-nobel-prize-for-optogenetics,"US, German Scientists Win Nobel Prize For Optogenetics",TAX_ETHNICITY_GERMAN;TAX_WORLDLANGUAGES_GERMAN;MEDIA_SOCIAL;TAX_ETHNICITY_AMERICAN;TAX_ETHNICITY_GERMANS;TAX_WORLDLANGUAGES_GERMANS;GENERAL_HEALTH;MEDICAL;WB_1331_HEALTH_TECHNOLOGIES;WB_1350_PHARMACEUTICALS;WB_621_HEALTH_NUTRITION_AND_POPULATION;SCIENCE;EDUCATION;SOC_POINTSOFINTEREST_UNIVERSITY;WB_678_DIGITAL_GOVERNMENT;WB_2943_SWITCHES;WB_667_ICT_INFRASTRUCTURE;WB_672_NETWORK_MANAGEMENT;WB_133_INFORMATION_AND_COMMUNICATION_TECHNOLOGIES,0
https://www.foodbev.com/news/skittles-adds-dual-texture-crunch-with-new-gummy-crystals-candy,Skittles adds dual-texture crunch with new Gummy Crystals candy,TAX_FNCACT_VICE_PRESIDENT;LEADER;TAX_FNCACT_PRESIDENT;USPEC_POLITICS_GENERAL1;SCIENCE;SOC_INNOVATION,1
https://www.gulfcoastnewsnow.com/article/amazon-early-prime-big-deal-days-sale/73995681,31 early October Prime Day deals worth adding to cart,TAX_ETHNICITY_BLACK;GEN_HOLIDAY;TAX_ECON_PRICE,0
https://www.logisticsmgmt.com/article/qa_mark_burstein_svp_inspectorio,"Q&A: Mark Burstein, SVP, Inspectorio",WB_838_PUBLIC_ACCOUNTABILITY_MECHANISMS;WB_1921_PRIVATE_SECTOR_DEVELOPMENT;WB_346_COMPETITIVE_INDUSTRIES;WB_818_INDUSTRY_POLICY_AND_REAL_SECTORS;WB_1281_MANUFACTURING;TAX_ETHNICITY_AMERICAN;BORDER;AFFECT;TAX_WORLDMAMMALS_HUMAN;ECON_TRADE_DISPUTE;TAX_FNCACT_EDITOR;EPU_POLICY_REGULATORY;TAX_ETHNICITY_VIETNAMESE;TAX_WORLDLANGUAGES_VIETNAMESE;MEDIA_MSM;AGRICULTURE;TAX_FOODSTAPLES_GRAIN;TAX_FNCACT_WORKERS;UNGP_CLIMATE_CHANGE_ACTION;WB_698_TRADE;WB_135_TRANSPORT;TAX_ECON_PRICE;EPU_CATS_TRADE_POLICY;WB_775_TRADE_POLICY_AND_INTEGRATION;WB_1182_CROSS_BORDER_SUPPLY;WB_1181_GENERAL_AGREEMENT_ON_TRADE_IN_SERVICES;WB_780_TRADE_IN_SERVICES;WB_1331_HEALTH_TECHNOLOGIES;WB_1350_PHARMACEUTICALS;WB_621_HEALTH_NUTRITION_AND_POPULATION;WB_1353_PHARMACEUTICAL_SUPPLY_CHAIN;EXHUMATION;TAX_ECON_FREETRADEAGREEMENTS_NAFTA;TAX_RELIGION_UYGHUR;TAX_ETHNICITY_UYGHUR;TAX_WORLDLANGUAGES_UYGHUR;WB_1803_TRANSPORT_INFRASTRUCTURE;WB_167_PORTS;WB_678_DIGITAL_GOVERNMENT;WB_652_ICT_APPLICATIONS;WB_665_SOFTWARE_AS_A_SERVICE;WB_658_ENTERPRISE_APPLICATIONS;WB_133_INFORMATION_AND_COMMUNICATION_TECHNOLOGIES;WB_2024_ANTI_CORRUPTION_AUTHORITIES;WB_696_PUBLIC_SECTOR_MANAGEMENT;WB_831_GOVERNANCE;WB_832_ANTI_CORRUPTION;WB_2026_PREVENTION;WB_772_TRADE_FACILITATION_AND_LOGISTICS;WB_865_TRADE_CORRIDORS;TAX_FNCACT_AGENT;TAX_FNCACT_AGENTS;ECON_TAXATION;EPU_POLICY_TAX;EPU_CATS_TAXES;HUMAN_TRAFFICKING;WB_1668_LABOR_STANDARDS;WB_855_LABOR_MARKETS;WB_1669_FORCED_LABOR;WB_697_SOCIAL_PROTECTION_AND_LABOR;UNGP_FORESTS_RIVERS_OCEANS;USPEC_POLICY1;EPU_UNCERTAINTY;TAX_FNCACT_MANUFACTURER,1
https://600wmtradio.iheart.com/content/2026-10-05-us-german-scientists-win-nobel-prize-for-optogenetics,"US, German Scientists Win Nobel Prize For Optogenetics",MEDIA_SOCIAL;TAX_ETHNICITY_GERMAN;TAX_WORLDLANGUAGES_GERMAN;EDUCATION;SOC_POINTSOFINTEREST_UNIVERSITY;WB_678_DIGITAL_GOVERNMENT;WB_2943_SWITCHES;WB_667_ICT_INFRASTRUCTURE;WB_672_NETWORK_MANAGEMENT;WB_133_INFORMATION_AND_COMMUNICATION_TECHNOLOGIES;SCIENCE;GENERAL_HEALTH;MEDICAL;WB_1331_HEALTH_TECHNOLOGIES;WB_1350_PHARMACEUTICALS;WB_621_HEALTH_NUTRITION_AND_POPULATION;TAX_ETHNICITY_AMERICAN;TAX_ETHNICITY_GERMANS;TAX_WORLDLANGUAGES_GERMANS,0
https://www.actuarialpost.co.uk/article/third-party-cyber-risk-tops-concerns-for-db-pension-trustees-27257.htm,Third-party cyber risk tops concerns for DB pension trustees,CYBER_ATTACK;WB_678_DIGITAL_GOVERNMENT;WB_670_ICT_SECURITY;WB_133_INFORMATION_AND_COMMUNICATION_TECHNOLOGIES;WB_2690_CATEGORIES_OF_EMPLOYMENT;WB_2670_JOBS;WB_2689_JOBS_DIAGNOSTICS;WB_2896_RETIREMENT;UNGP_FORESTS_RIVERS_OCEANS;WB_1160_SHOCKS_AND_VULNERABILITY;WB_695_POVERTY;EPU_CATS_MIGRATION_FEAR_FEAR;RETIREMENT;TAX_FNCACT_MANAGING_DIRECTOR;TAX_FNCACT_DIRECTOR;CRISISLEX_C07_SAFETY;TAX_FNCACT_ADMINISTRATOR,1
http://www.cambodiantimes.com/news/279352527/deaf-kolkata-warriors-crowned-champions-of-idca-7th-t20-deaf-indian-premier-league-2026-in-tirupati,Deaf Kolkata Warriors crowned champions of IDCA 7th T20 Deaf Indian Premier League 2026 in Tirupati,,0
https://www.packagingeurope.com/2d-coding-redefining-the-role-of-flexible-packaging,2D Coding: Redefining the role of flexible packaging,TAX_FNCACT_REGULATORS;WB_566_ENVIRONMENT_AND_NATURAL_RESOURCES;WB_590_ECOSYSTEMS;USPEC_POLICY1;EPU_POLICY_REGULATION;EPU_CATS_REGULATION;WB_678_DIGITAL_GOVERNMENT;WB_670_ICT_SECURITY;WB_2372_AUTHENTICATION_AND_AUTHORIZATION;WB_133_INFORMATION_AND_COMMUNICATION_TECHNOLOGIES;BLACK_MARKET;EPU_ECONOMY_HISTORIC;CRISISLEX_CRISISLEXREC;EPU_POLICY_REGULATORY;GENERAL_HEALTH;HEALTH_PANDEMIC;WB_635_PUBLIC_HEALTH;WB_2165_HEALTH_EMERGENCIES;WB_2166_HEALTH_EMERGENCY_PREPAREDNESS_AND_DISASTER_RESPONSE;WB_621_HEALTH_NUTRITION_AND_POPULATION;WB_2167_PANDEMICS;UNGP_HEALTHCARE;ECON_STOCKMARKET;TAX_ETHNICITY_ITALIAN;TAX_WORLDLANGUAGES_ITALIAN;WB_1921_PRIVATE_SECTOR_DEVELOPMENT;WB_346_COMPETITIVE_INDUSTRIES;WB_818_INDUSTRY_POLICY_AND_REAL_SECTORS;WB_1281_MANUFACTURING;UNGP_FORESTS_RIVERS_OCEANS;TRANSPARENCY;TAX_DISEASE_COVID_19,1
http://www.sierraleonetimes.com/news/279346295/us-targets-aircraft-part-exports-for-leverage-in-china-talks,US targets aircraft-part exports for leverage in China talks,WB_165_AIR_TRANSPORT;WB_135_TRANSPORT;WB_164_MODES_OF_TRANSPORT;AGRICULTURE;LEADER;TAX_FNCACT_PRESIDENT;USPEC_POLITICS_GENERAL1;WB_775_TRADE_POLICY_AND_INTEGRATION;WB_2559_FOOD_TRADE;WB_192_AGRICULTURAL_TRADE;WB_1960_FARM_INPUTS;WB_435_AGRICULTURE_AND_FOOD_SECURITY;WB_1959_LINKING_FARMERS_WITH_MARKETS;WB_1192_IMPACT_OF_TRADE;EPU_ECONOMY;USPEC_POLICY1;EPU_POLICY_REGULATION;EPU_CATS_REGULATION;TAX_FNCACT_SPOKESPERSON;CRISISLEX_T11_UPDATESSYMPATHY;EPU_POLICY_WHITE_HOUSE;WB_346_COMPETITIVE_INDUSTRIES;WB_818_INDUSTRY_POLICY_AND_REAL_SECTORS;WB_1281_MANUFACTURING;UNGP_FORESTS_RIVERS_OCEANS;CRISISLEX_C04_LOGISTICS_TRANSPORT;TAX_FNCACT_MANUFACTURER;TAX_ETHNICITY_CHINESE;TAX_WORLDLANGUAGES_CHINESE;TAX_FNCACT_OFFICIALS;SHORTAGE;CEASEFIRE;EPU_ECONOMY_HISTORIC;WB_1921_PRIVATE_SECTOR_DEVELOPMENT;WB_405_BUSINESS_CLIMATE;WB_2531_INSPECTIONS_LICENSING_AND_PERMITS;WB_2530_BUSINESS_ENVIRONMENT;NEGOTIATIONS;WB_696_PUBLIC_SECTOR_MANAGEMENT;WB_840_JUSTICE;WB_2473_DIPLOMACY_AND_NEGOTIATIONS;WB_939_NEGOTIATION;WB_2470_PEACE_OPERATIONS_AND_CONFLICT_MANAGEMENT;WB_936_ALTERNATIVE_DISPUTE_RESOLUTION;WB_2432_FRAGILITY_CONFLICT_AND_VIOLENCE;WB_843_DISPUTE_RESOLUTION;WB_2471_PEACEKEEPING;TECH_AUTOMATION;WB_698_TRADE,1
https://www.wapt.com/article/fbi-woman-accused-spying-taiwan-leaders-china/74023768,FBI arrests woman accused of spying on Taiwan leader's family for China,SURVEILLANCE;REBELLION;WB_739_POLITICAL_VIOLENCE_AND_CIVIL_WAR;WB_738_SOCIAL_COHESION;WB_134_SOCIAL_DEVELOPMENT;MILITARY;SLFID_MILITARY_SPENDING;EPU_CATS_FISCAL_POLICY;TAX_ETHNICITY_TAIWANESE;MEDIA_SOCIAL;WB_652_ICT_APPLICATIONS;WB_662_SOCIAL_MEDIA;WB_658_ENTERPRISE_APPLICATIONS;DEMOCRACY;UNGP_POLITICAL_FREEDOMS;TAX_FNCACT_WOMAN;GENERAL_GOVERNMENT;EPU_POLICY_GOVERNMENT;WB_2024_ANTI_CORRUPTION_AUTHORITIES;WB_696_PUBLIC_SECTOR_MANAGEMENT;WB_840_JUSTICE;WB_2025_INVESTIGATION;WB_831_GOVERNANCE;WB_832_ANTI_CORRUPTION;WB_1014_CRIMINAL_JUSTICE;SOC_GENERALCRIME;SELF_IDENTIFIED_HUMAN_RIGHTS;WB_2203_HUMAN_RIGHTS;WB_2432_FRAGILITY_CONFLICT_AND_VIOLENCE;UNGP_CRIME_VIOLENCE;TAX_FNCACT_LEADER;TAX_FNCACT_AGENT;TRIAL;WB_1921_PRIVATE_SECTOR_DEVELOPMENT;WB_405_BUSINESS_CLIMATE;WB_2531_INSPECTIONS_LICENSING_AND_PERMITS;WB_2530_BUSINESS_ENVIRONMENT;USPEC_POLICY1;EPU_UNCERTAINTY;TAX_FNCACT_OFFICIALS;TAX_ETHNICITY_CHINESE;TAX_WORLDLANGUAGES_CHINESE;TAX_FNCACT_SPOKESPERSON;TERROR;ARMEDCONFLICT;EPU_CATS_NATIONAL_SECURITY;TAX_FNCACT_SEPARATIST;SEPARATISTS;WB_678_DIGITAL_GOVERNMENT;WB_694_BROADCAST_AND_MEDIA;WB_133_INFORMATION_AND_COMMUNICATION_TECHNOLOGIES;ARREST;CRISISLEX_C07_SAFETY;CRISISLEX_CRISISLEXREC;SOC_POINTSOFINTEREST_AIRPORT;WB_135_TRANSPORT;WB_1803_TRANSPORT_INFRASTRUCTURE;WB_1804_AIRPORTS;EPU_CATS_MIGRATION_FEAR_FEAR;SOVEREIGNTY;TAX_FNCACT_ATTORNEY;TAX_FNCACT_TROOPS;GEN_HOLIDAY;TAX_WORLDMAMMALS_HUMAN;EPU_POLICY_BUDGET;EPU_POLICY_SPENDING;LEADER;TAX_FNCACT_PRESIDENT;USPEC_POLITICS_GENERAL1;TAX_FNCACT_ASSISTANT,0
https://www.saltwire.com/new-brunswick/impacted-by-u-s-import-ban-mooseheads-andrew-oland-finds-comfort-in-brewerys-past/wcm/cd0037e7-8ffb-4cfe-b9b9-b012d7255197,"Impacted by U.S. import ban, Moosehead's Andrew Oland finds comfort in brewery's past",CRISISLEX_T11_UPDATESSYMPATHY;BAN;TAX_FNCACT_CHIEF_EXECUTIVE;TAX_FNCACT_CHIEF;TAX_FNCACT_EXECUTIVE;ARMEDCONFLICT;EPU_CATS_NATIONAL_SECURITY;MANMADE_DISASTER_IMPLIED;TAX_ETHNICITY_AMERICAN;TAX_MILITARY_TITLE_OFFICER;TAX_FNCACT_OFFICER;TAX_FNCACT_CEO;CRISISLEX_CRISISLEXREC;CRISISLEX_T01_CAUTION_ADVICE;TAX_FNCACT_CHIEF_EXECUTIVE_OFFICER;MEDIA_MSM;ECON_FREETRADE;WB_698_TRADE;MOVEMENT_GENERAL;EPU_UNCERTAINTY;TAX_FNCACT_EXECUTIVE_OFFICER;TAX_ETHNICITY_CANADIANS;EPU_ECONOMY_HISTORIC;TAX_ETHNICITY_CANADIAN,1
https://www.humanresourcesonline.net/four-year-workgroup-releases-updates-on-protection-of-singapore-s-healthcare-workers-from-abuse-and-harassment,Four-year workgroup releases updates on protection of Singapore's healthcare workers from abuse and harassment,LEADER;TAX_FNCACT_EMPLOYERS;WB_2690_CATEGORIES_OF_EMPLOYMENT;WB_2670_JOBS;WB_2689_JOBS_DIAGNOSTICS;WB_2704_EMPLOYER;UNGP_FORESTS_RIVERS_OCEANS;GENERAL_HEALTH;SOC_POINTSOFINTEREST_HOSPITAL;CRISISLEX_C03_WELLBEING_HEALTH;HARASSMENT;UNGP_CRIME_VIOLENCE;APPOINTMENT;MEDICAL;WB_635_PUBLIC_HEALTH;WB_621_HEALTH_NUTRITION_AND_POPULATION;TAX_FNCACT_GUIDE;WB_1406_DISEASES;WB_1430_MENTAL_HEALTH;WB_1427_NON_COMMUNICABLE_DISEASE_AND_INJURY;TAX_MILITARY_TITLE_OFFICERS;TAX_FNCACT_OFFICERS;TAX_FNCACT_REPRESENTATIVES;WB_2024_ANTI_CORRUPTION_AUTHORITIES;WB_696_PUBLIC_SECTOR_MANAGEMENT;WB_831_GOVERNANCE;WB_832_ANTI_CORRUPTION;WB_2026_PREVENTION;CRISISLEX_C07_SAFETY;TAX_FNCACT_MINISTER;TAX_FNCACT_WORKER;TAX_FNCACT_CHIEF;TAX_FNCACT_EMPLOYEE;TAX_FNCACT_WORKERS;SECURITY_SERVICES;TAX_FNCACT_POLICE;EPU_CATS_MIGRATION_FEAR_FEAR;AFFECT,0
https://570wkbn.iheart.com/content/2026-10-05-google-shuts-down-bug-bounty-program-due-to-bots,Google Shuts Down Bug Bounty Program Due To Bots,CYBER_ATTACK;WB_670_ICT_SECURITY;WB_1160_SHOCKS_AND_VULNERABILITY;WB_695_POVERTY;WB_678_DIGITAL_GOVERNMENT;WB_2946_OPEN_SOURCE;WB_667_ICT_INFRASTRUCTURE;WB_669_SOFTWARE_INFRASTRUCTURE;WB_133_INFORMATION_AND_COMMUNICATION_TECHNOLOGIES;EDUCATION;SOC_POINTSOFINTEREST_UNIVERSITY;WB_2381_SOFTWARE_DEVELOPMENT;WB_2375_ICT_METHODS_AND_PROCEDURES;CLOSURE;CRISISLEX_C07_SAFETY,1
https://www.wkms.org/npr-news/2026-10-05/spains-prime-minister-calls-early-elections-as-pressure-mounts-over-housing-crisis,Spain's prime minister calls early elections as pressure mounts over housing crisis,ALLIANCE;TAX_ETHNICITY_SPANISH;TAX_WORLDLANGUAGES_SPANISH;EPU_CATS_MIGRATION_FEAR_MIGRATION;SOC_POINTSOFINTEREST_UNIVERSITY;TAX_ETHNICITY_MOROCCANS;CORRUPTION;EDUCATION;TAX_FNCACT_PROFESSOR;EXTREMISM;SELF_IDENTIFIED_HUMANITARIAN_CRISIS;SCIENCE;TAX_ETHNICITY_AMERICAN;LEADER;TAX_FNCACT_PRIME_MINISTER;USPEC_POLITICS_GENERAL1;ECON_HOUSING_PRICES;BORDER;WB_2433_CONFLICT_AND_VIOLENCE;WB_2432_FRAGILITY_CONFLICT_AND_VIOLENCE;TAX_FNCACT_MINISTER;ARMEDCONFLICT;EPU_CATS_NATIONAL_SECURITY;TAX_FNCACT_LEADERS;TAX_POLITICAL_PARTY_SOCIALIST_PARTY;EPU_CATS_REGULATION;TAX_FNCACT_LEADER;TAX_FNCACT_WOMAN;GENERAL_GOVERNMENT;EPU_POLICY_GOVERNMENT;CRISISLEX_CRISISLEXREC;WB_2670_JOBS;WB_696_PUBLIC_SECTOR_MANAGEMENT;WB_2048_COMPENSATION_CAREERS_AND_INCENTIVES;WB_723_PUBLIC_ADMINISTRATION;WB_724_HUMAN_RESOURCES_FOR_PUBLIC_SECTOR;TAX_ETHNICITY_PALESTINIANS;EPU_POLICY_POLITICAL;ELECTION;TAX_FNCACT_ARTIST,1
https://wrko.iheart.com/content/2026-10-05-monitoring-ordered-amid-possible-plague-outbreak-in-russia,Monitoring Ordered Amid Possible Plague Outbreak In Russia,KILL;CRISISLEX_T03_DEAD;TAX_DISEASE_OUTBREAK;WB_635_PUBLIC_HEALTH;WB_2165_HEALTH_EMERGENCIES;WB_2166_HEALTH_EMERGENCY_PREPAREDNESS_AND_DISASTER_RESPONSE;WB_621_HEALTH_NUTRITION_AND_POPULATION;WB_2167_PANDEMICS;SOC_QUARANTINE;TAX_DISEASE_PNEUMONIA;LEADER;TAX_FNCACT_GOVERNOR;TAX_FNCACT_OFFICIALS;CRISISLEX_CRISISLEXREC;TAX_WORLDLANGUAGES_RUSSIA;TAX_FNCACT_WOMAN;TAX_DISEASE_BACTERIA;GENERAL_HEALTH;MEDICAL;CRISISLEX_C03_WELLBEING_HEALTH;MEDIA_MSM;TAX_DISEASE_PLAGUE;TAX_ETHNICITY_RUSSIAN;TAX_WORLDLANGUAGES_RUSSIAN;TAX_DISEASE_INFECTION;TAX_FNCACT_TECHNICIAN;EPU_POLICY_WHITE_HOUSE;TAX_FNCACT_AUTHORITIES;EPU_POLICY_AUTHORITIES;TAX_DISEASE_DISEASE;WB_1406_DISEASES;UNGP_HEALTHCARE;GENERAL_GOVERNMENT,0
https://www.tsn.ca/nfl/article/is-robinson-the-nfls-top-rb-he-is-when-hes-in-primetime-n1-50101403,Is Bijan Robinson the NFL's top RB? He is when he's in primetime,,0
https://www.c21media.net/news/chinese-streamer-iqiyi-uses-ai-to-build-slate-of-youth-skewing-dramas,Chinese streamer iQIYI uses AI to build slate of youth-skewing dramas | News,TAX_FNCACT_CHIEF;MARITIME;TAX_FNCACT_MAN;MEDIA_MSM;TAX_FNCACT_DIRECTOR;TAX_FNCACT_FOUNDER;TAX_ETHNICITY_CHINESE;TAX_WORLDLANGUAGES_CHINESE;EPU_ECONOMY_HISTORIC;TAX_ECON_PRICE;TAX_FNCACT_CINEMATOGRAPHER;TAX_MILITARY_TITLE_OFFICER;TAX_FNCACT_OFFICER;TAX_FNCACT_CEO,1
https://www.moneycontrol.com/entertainment/r-madhavan-agrees-with-dwayne-johnson-s-advice-on-handling-praise-and-criticism-no-one-can-break-what-they-didn-t-build-article-14045012.html,R Madhavan agrees with Dwayne Johnson's advice on handling praise and criticism: 'No one can break what they didn't build',WB_678_DIGITAL_GOVERNMENT;WB_694_BROADCAST_AND_MEDIA;WB_133_INFORMATION_AND_COMMUNICATION_TECHNOLOGIES;TAX_FNCACT_ACTOR;IDEOLOGY;TAX_ETHNICITY_TAMIL;TAX_WORLDLANGUAGES_TAMIL;USPEC_UNCERTAINTY1;MEDIA_SOCIAL;WB_652_ICT_APPLICATIONS;WB_662_SOCIAL_MEDIA;WB_658_ENTERPRISE_APPLICATIONS,0
https://wrko.iheart.com/content/2026-10-05-woman-arrested-at-lax-for-alleged-spying-for-china,Woman Arrested At LAX For Alleged Spying For China,UNGP_FORESTS_RIVERS_OCEANS;TAX_FNCACT_OFFICIALS;TAX_ETHNICITY_CHINESE;TAX_WORLDLANGUAGES_CHINESE;LEADER;TAX_FNCACT_PRESIDENT;USPEC_POLITICS_GENERAL1;TAX_FNCACT_AGENT;TAX_FNCACT_AGENTS;WB_1921_PRIVATE_SECTOR_DEVELOPMENT;WB_405_BUSINESS_CLIMATE;WB_2531_INSPECTIONS_LICENSING_AND_PERMITS;WB_2530_BUSINESS_ENVIRONMENT;TAX_FNCACT_WOMAN;GENERAL_GOVERNMENT;EPU_POLICY_GOVERNMENT;SOC_POINTSOFINTEREST_AIRPORT;WB_135_TRANSPORT;WB_1803_TRANSPORT_INFRASTRUCTURE;WB_1804_AIRPORTS;WB_2024_ANTI_CORRUPTION_AUTHORITIES;WB_696_PUBLIC_SECTOR_MANAGEMENT;WB_840_JUSTICE;WB_2025_INVESTIGATION;WB_831_GOVERNANCE;WB_832_ANTI_CORRUPTION;WB_1014_CRIMINAL_JUSTICE;ARREST;SOC_GENERALCRIME;CRISISLEX_C07_SAFETY;CRISISLEX_CRISISLEXREC;TRIAL;TAX_FNCACT_PROSECUTORS;TAX_FNCACT_SPY;TAX_ETHNICITY_TAIWANESE,0
https://wmrn.iheart.com/content/2026-10-05-president-trump-to-visit-nebraska-amid-tight-senate-race,President Trump To Visit Nebraska Amid Tight Senate Race,SOC_EXPRESSSUPPORT;TAX_POLITICAL_PARTY_REPUBLICAN;GENERAL_GOVERNMENT;EPU_POLICY_CONGRESS;TAX_FNCACT_CANDIDATE;UNGP_FORESTS_RIVERS_OCEANS;LEADER;TAX_FNCACT_PRESIDENT;USPEC_POLITICS_GENERAL1;TAX_FNCACT_LEADER;TAX_POLITICAL_PARTY_REPUBLICANS;TAX_POLITICAL_PARTY_DEMOCRAT;TAX_FNCACT_MAJORITY_LEADER;TAX_POLITICAL_PARTY_DEMOCRATS;TAX_FNCACT_SENATOR;EPU_POLICY_POLITICAL;TAX_FNCACT_SUPPORTERS;ELECTION,0
https://www.aljazeera.com/news/2026/10/5/pakistan-installs-fishing-nets-at-security-outposts-to-block-drone-attacks,Pakistan installs fishing nets at security outposts to block drone attacks,TAX_FNCACT_EXECUTIVE_DIRECTOR;SECURITY_SERVICES;TAX_FNCACT_POLICE;CRISISLEX_C07_SAFETY;DRONES;SEIGE;CHECKPOINT;UNREST_CHECKPOINT;TAX_ETHNICITY_BLACK;UNGP_CRIME_VIOLENCE;KILL;CRISISLEX_T03_DEAD;TAX_WEAPONS_EXPLOSIVES;TAX_RELIGION_MOSQUE;TAX_WEAPONS_GUNS;TAX_FNCACT_ANALYST;EPU_CATS_MIGRATION_FEAR_FEAR;TRIAL;TAX_FNCACT_OFFICER;WB_470_EDUCATION;TERROR;WB_2467_TERRORISM;WB_2433_CONFLICT_AND_VIOLENCE;WB_2432_FRAGILITY_CONFLICT_AND_VIOLENCE;WB_2462_POLITICAL_VIOLENCE_AND_WAR;EPU_CATS_NATIONAL_SECURITY;TAX_WEAPONS_MORTARS;WB_2492_COUNTER_TERRORISM;WB_2470_PEACE_OPERATIONS_AND_CONFLICT_MANAGEMENT;WB_2490_NATIONAL_PROTECTION_AND_SECURITY;TAX_TERROR_GROUP_TALIBAN;PROTEST;MOVEMENT_GENERAL;TAX_FNCACT_ACTIVIST;MILITARY;TAX_FNCACT_SOLDIERS;MANMADE_DISASTER_IMPLIED;MOVEMENT_SOCIAL;MOVEMENT_OTHER;TAX_FNCACT_DIRECTOR;BORDER;TAX_FNCACT_POLICE_OFFICER;CRISISLEX_CRISISLEXREC;UNGP_FORESTS_RIVERS_OCEANS;TAX_FNCACT_EXECUTIVE;TAX_FNCACT_CONSTABLE;ACT_MAKESTATEMENT;TAX_ETHNICITY_RUSSIAN;TAX_WORLDLANGUAGES_RUSSIAN;TAX_FNCACT_SPOKESMAN;EDUCATION;SOC_POINTSOFINTEREST_SCHOOL;TAX_FNCACT_OFFICERS;SOC_POINTSOFINTEREST_POLICE_STATIONS;MARITIME_INCIDENT;MARITIME;TAX_FNCACT_FISHERMEN;ECON_WORLDCURRENCIES_PAKISTANI_RUPEES;WOUND;CRISISLEX_C03_WELLBEING_HEALTH;CRISISLEX_T02_INJURED;GENERAL_GOVERNMENT;EPU_POLICY_GOVERNMENT;TAX_FNCACT_CHILDREN;CRISISLEX_T11_UPDATESSYMPATHY;ARMEDCONFLICT;TAX_FNCACT_OFFICIALS;TAX_FNCACT_INSPECTOR;TAX_FNCACT_DRIVER;TAX_WEAPONS_BOMBS;CRISISLEX_T01_CAUTION_ADVICE,0
https://isp.netscape.com:443/news/story/0001/20261005/b03eea8538b024fd02f5fb52e811738b,"Trump's immigration crackdown divides rural voters as midterms approach, AP-KFF poll finds",TAX_FNCACT_IMMIGRANTS;DISABILITY;WB_1458_HEALTH_PROMOTION_AND_DISEASE_PREVENTION;WB_635_PUBLIC_HEALTH;WB_1464_HEALTH_OF_THE_DISABLED;WB_621_HEALTH_NUTRITION_AND_POPULATION;MILITARY;SOC_EXPRESSREGRET;CRISISLEX_CRISISLEXREC;UNREST_CRACKDOWN;WOUND;WB_1467_EDUCATION_FOR_ALL;WB_470_EDUCATION;WB_2131_EMPLOYABILITY_SKILLS_AND_JOBS;WB_1484_EDUCATION_SKILLS_DEVELOPMENT_AND_LABOR_MARKET;LEGISLATION;EPU_POLICY_LAW;USPEC_POLICY1;GENERAL_GOVERNMENT;EPU_POLICY_GOVERNMENT;ECON_COST_OF_LIVING;RURAL;WB_1636_DISABILITY_ALLOWANCE;WB_1466_SOCIAL_ASSISTANCE;WB_1624_SOCIAL_PENSIONS;WB_697_SOCIAL_PROTECTION_AND_LABOR;UNGP_SUPPORT_FOR_PEOPLE_WHO_CANT_WORK;SOC_POINTSOFINTEREST_HOSPITAL;UNGP_HEALTHCARE;EDUCATION;TAX_FNCACT_PROFESSOR;WB_405_BUSINESS_CLIMATE;WB_2531_INSPECTIONS_LICENSING_AND_PERMITS;WB_2530_BUSINESS_ENVIRONMENT;ELECTION;CORRUPTION;WB_2019_ANTI_CORRUPTION_LEGISLATION;WB_696_PUBLIC_SECTOR_MANAGEMENT;WB_831_GOVERNANCE;WB_832_ANTI_CORRUPTION;WB_2020_BRIBERY_FRAUD_AND_COLLUSION;TAX_FNCACT_FATHER;LEADER;TAX_FNCACT_PRESIDENT;USPEC_POLITICS_GENERAL1;EPU_ECONOMY;EPU_ECONOMY_HISTORIC;MANMADE_DISASTER_IMPLIED;SOC_POINTSOFINTEREST_SCHOOL;TAX_FNCACT_CANDIDATES;TAX_FNCACT_SUPPORTERS;TAX_FNCACT_POLITICIANS;RATIFY;GENERAL_HEALTH;MEDICAL;UNGP_FORESTS_RIVERS_OCEANS;USPEC_UNCERTAINTY1;SCIENCE;EPU_CATS_REGULATION;TAX_FNCACT_DIRECTOR;MOVEMENT_GENERAL;TAX_POLITICAL_PARTY_DEMOCRAT;TAX_FNCACT_VETERAN;SOC_GENERALCRIME;TAX_POLITICAL_PARTY_REPUBLICAN;AGRICULTURE;TAX_FNCACT_FARMER;CRISISLEX_C03_WELLBEING_HEALTH;TAX_FNCACT_WORKER;TAX_FNCACT_TECHNICIAN;TAX_ECON_PRICE;WB_678_DIGITAL_GOVERNMENT;WB_670_ICT_SECURITY;WB_2372_AUTHENTICATION_AND_AUTHORIZATION;WB_133_INFORMATION_AND_COMMUNICATION_TECHNOLOGIES;TAX_FNCACT_WORKERS;TAX_ETHNICITY_AMERICANS;TAX_POLITICAL_PARTY_REPUBLICANS;TAX_POLITICAL_PARTY_DEMOCRATS;SOC_POINTSOFINTEREST_UNIVERSITY;IMMIGRATION;WB_2670_JOBS;WB_2769_JOBS_STRATEGIES;WB_2837_IMMIGRATION;WB_2836_MIGRATION_POLICIES_AND_JOBS;EPU_CATS_MIGRATION_FEAR_MIGRATION;EPU_CATS_MIGRATION_FEAR_FEAR;EPU_POLICY_POLICY;WB_1921_PRIVATE_SECTOR_DEVELOPMENT;WB_346_COMPETITIVE_INDUSTRIES;WB_818_INDUSTRY_POLICY_AND_REAL_SECTORS;WB_1281_MANUFACTURING;TAX_FNCACT_CRIMINALS,0
https://abc7.com/story/7-year-old-girl-dies-being-stabbed-multiple-times-chicago-police-say/19909659,"7-year-old girl dies after being stabbed multiple times in Chicago, police say",CRISISLEX_T11_UPDATESSYMPATHY;CRISISLEX_CRISISLEXREC;CRISISLEX_T02_INJURED;CRISISLEX_T03_DEAD;TAX_FNCACT_VICTIM;TAX_FNCACT_CHILDREN;SECURITY_SERVICES;TAX_FNCACT_POLICE;WOUND;TAX_FNCACT_WOMAN;TAX_FNCACT_EXAMINER;AFFECT;WB_2433_CONFLICT_AND_VIOLENCE;WB_2432_FRAGILITY_CONFLICT_AND_VIOLENCE;UNGP_CRIME_VIOLENCE;ARREST;CRISISLEX_C07_SAFETY;KILL;GENERAL_HEALTH;MEDICAL;SOC_POINTSOFINTEREST_HOSPITAL;CRISISLEX_C03_WELLBEING_HEALTH;WB_1428_INJURY;WB_1406_DISEASES;WB_621_HEALTH_NUTRITION_AND_POPULATION;WB_1427_NON_COMMUNICABLE_DISEASE_AND_INJURY;TAX_FNCACT_CHILD;SOC_GENERALCRIME;EPU_CATS_MIGRATION_FEAR_FEAR;TAX_FNCACT_MEDICAL_EXAMINER;TAX_FNCACT_COOK;TAX_FNCACT_DETECTIVES,0
https://www.civilsociety.co.uk/news/sarah-elliott-to-leave-shelter-after-one-year-as-ceo.html,Sarah Elliott to leave Shelter after one year as CEO,MEDIA_SOCIAL;TAX_FNCACT_DIRECTOR;AFFECT;RECRUITMENT;POVERTY;TAX_FNCACT_LEADERS;WB_1467_EDUCATION_FOR_ALL;WB_470_EDUCATION;WB_2131_EMPLOYABILITY_SKILLS_AND_JOBS;WB_1484_EDUCATION_SKILLS_DEVELOPMENT_AND_LABOR_MARKET;TAX_FNCACT_SUPPORTERS;CRISISLEX_C05_NEED_OF_SHELTERS;CRISISLEX_O02_RESPONSEAGENCIESATCRISIS;TAX_FNCACT_EXECUTIVE;TAX_FNCACT_CHIEF;TAX_FNCACT_CHIEF_EXECUTIVE;EPU_POLICY_POLITICAL;CRISISLEX_CRISISLEXREC;UNGP_FORESTS_RIVERS_OCEANS;TAX_FNCACT_CEO,0
https://www.tsn.ca/nfl/article/nfl-looking-into-official-apparently-cursing-at-cardinals-mcbride-n1-50105514,NFL looking into official apparently cursing at Arizona Cardinals' Trey McBride,,0
